TenantId,SourceSystem,MG,ManagementGroupName,TimeGenerated,Computer,RawData,alertInfo_indicatorDescription_s,alertInfo_indicatorName_s,targetProcessInfo_tgtFileOldPath_s,alertInfo_indicatorCategory_s,alertInfo_registryOldValue_g,alertInfo_dstIp_s,alertInfo_dstPort_s,alertInfo_netEventDirection_s,alertInfo_srcIp_s,alertInfo_srcPort_s,containerInfo_id_s,targetProcessInfo_tgtFileId_g,alertInfo_registryOldValue_s,alertInfo_registryOldValueType_s,alertInfo_dnsRequest_s,alertInfo_dnsResponse_s,alertInfo_registryKeyPath_s,alertInfo_registryPath_s,alertInfo_registryValue_g,ruleInfo_description_s,alertInfo_registryValue_s,alertInfo_loginAccountDomain_s,alertInfo_loginAccountSid_s,alertInfo_loginIsAdministratorEquivalent_s,alertInfo_loginIsSuccessful_s,alertInfo_loginType_s,alertInfo_loginsUserName_s,alertInfo_srcMachineIp_s,targetProcessInfo_tgtProcCmdLine_s,targetProcessInfo_tgtProcImagePath_s,targetProcessInfo_tgtProcName_s,targetProcessInfo_tgtProcPid_s,targetProcessInfo_tgtProcSignedStatus_s,targetProcessInfo_tgtProcStorylineId_s,targetProcessInfo_tgtProcUid_s,sourceParentProcessInfo_storyline_g,sourceParentProcessInfo_uniqueId_g,sourceProcessInfo_storyline_g,sourceProcessInfo_uniqueId_g,targetProcessInfo_tgtProcStorylineId_g,targetProcessInfo_tgtProcUid_g,agentDetectionInfo_machineType_s,agentDetectionInfo_name_s,agentDetectionInfo_osFamily_s,agentDetectionInfo_osName_s,agentDetectionInfo_osRevision_s,agentDetectionInfo_uuid_g,agentDetectionInfo_version_s,agentRealtimeInfo_id_s,agentRealtimeInfo_infected_b,agentRealtimeInfo_isActive_b,agentRealtimeInfo_isDecommissioned_b,agentRealtimeInfo_machineType_s,agentRealtimeInfo_name_s,agentRealtimeInfo_os_s,agentRealtimeInfo_uuid_g,alertInfo_alertId_s,alertInfo_analystVerdict_s,alertInfo_createdAt_t,alertInfo_dvEventId_s,alertInfo_eventType_s,alertInfo_hitType_s,alertInfo_incidentStatus_s,alertInfo_isEdr_b,alertInfo_reportedAt_t,alertInfo_source_s,alertInfo_updatedAt_t,ruleInfo_id_s,ruleInfo_name_s,ruleInfo_queryLang_s,ruleInfo_queryType_s,ruleInfo_s1ql_s,ruleInfo_scopeLevel_s,ruleInfo_severity_s,ruleInfo_treatAsThreat_s,sourceParentProcessInfo_commandline_s,sourceParentProcessInfo_fileHashMd5_g,sourceParentProcessInfo_fileHashSha1_s,sourceParentProcessInfo_fileHashSha256_s,sourceParentProcessInfo_filePath_s,sourceParentProcessInfo_fileSignerIdentity_s,sourceParentProcessInfo_integrityLevel_s,sourceParentProcessInfo_name_s,sourceParentProcessInfo_pid_s,sourceParentProcessInfo_pidStarttime_t,sourceParentProcessInfo_storyline_s,sourceParentProcessInfo_subsystem_s,sourceParentProcessInfo_uniqueId_s,sourceParentProcessInfo_user_s,sourceProcessInfo_commandline_s,sourceProcessInfo_fileHashMd5_g,sourceProcessInfo_fileHashSha1_s,sourceProcessInfo_fileHashSha256_s,sourceProcessInfo_filePath_s,sourceProcessInfo_fileSignerIdentity_s,sourceProcessInfo_integrityLevel_s,sourceProcessInfo_name_s,sourceProcessInfo_pid_s,sourceProcessInfo_pidStarttime_t,sourceProcessInfo_storyline_s,sourceProcessInfo_subsystem_s,sourceProcessInfo_uniqueId_s,sourceProcessInfo_user_s,targetProcessInfo_tgtFileCreatedAt_t,targetProcessInfo_tgtFileHashSha1_s,targetProcessInfo_tgtFileHashSha256_s,targetProcessInfo_tgtFileId_s,targetProcessInfo_tgtFileIsSigned_s,targetProcessInfo_tgtFileModifiedAt_t,targetProcessInfo_tgtFilePath_s,targetProcessInfo_tgtProcIntegrityLevel_s,targetProcessInfo_tgtProcessStartTime_t,agentUpdatedVersion_s,agentId_s,hash_s,osFamily_s,threatId_s,creator_s,creatorId_s,inherits_b,isDefault_b,name_s,registrationToken_s,totalAgents_d,type_s,agentDetectionInfo_accountId_s,agentDetectionInfo_accountName_s,agentDetectionInfo_agentDetectionState_s,agentDetectionInfo_agentDomain_s,agentDetectionInfo_agentIpV4_s,agentDetectionInfo_agentIpV6_s,agentDetectionInfo_agentLastLoggedInUserName_s,agentDetectionInfo_agentMitigationMode_s,agentDetectionInfo_agentOsName_s,agentDetectionInfo_agentOsRevision_s,agentDetectionInfo_agentRegisteredAt_t,agentDetectionInfo_agentUuid_g,agentDetectionInfo_agentVersion_s,agentDetectionInfo_externalIp_s,agentDetectionInfo_groupId_s,agentDetectionInfo_groupName_s,agentDetectionInfo_siteId_s,agentDetectionInfo_siteName_s,agentRealtimeInfo_accountId_s,agentRealtimeInfo_accountName_s,agentRealtimeInfo_activeThreats_d,agentRealtimeInfo_agentComputerName_s,agentRealtimeInfo_agentDomain_s,agentRealtimeInfo_agentId_s,agentRealtimeInfo_agentInfected_b,agentRealtimeInfo_agentIsActive_b,agentRealtimeInfo_agentIsDecommissioned_b,agentRealtimeInfo_agentMachineType_s,agentRealtimeInfo_agentMitigationMode_s,agentRealtimeInfo_agentNetworkStatus_s,agentRealtimeInfo_agentOsName_s,agentRealtimeInfo_agentOsRevision_s,agentRealtimeInfo_agentOsType_s,agentRealtimeInfo_agentUuid_g,agentRealtimeInfo_agentVersion_s,agentRealtimeInfo_groupId_s,agentRealtimeInfo_groupName_s,agentRealtimeInfo_networkInterfaces_s,agentRealtimeInfo_operationalState_s,agentRealtimeInfo_rebootRequired_b,agentRealtimeInfo_scanFinishedAt_t,agentRealtimeInfo_scanStartedAt_t,agentRealtimeInfo_scanStatus_s,agentRealtimeInfo_siteId_s,agentRealtimeInfo_siteName_s,agentRealtimeInfo_userActionsNeeded_s,indicators_s,mitigationStatus_s,threatInfo_analystVerdict_s,threatInfo_analystVerdictDescription_s,threatInfo_automaticallyResolved_b,threatInfo_certificateId_s,threatInfo_classification_s,threatInfo_classificationSource_s,threatInfo_cloudFilesHashVerdict_s,threatInfo_collectionId_s,threatInfo_confidenceLevel_s,threatInfo_createdAt_t,threatInfo_detectionEngines_s,threatInfo_detectionType_s,threatInfo_engines_s,threatInfo_externalTicketExists_b,threatInfo_failedActions_b,threatInfo_fileExtension_s,threatInfo_fileExtensionType_s,threatInfo_filePath_s,threatInfo_fileSize_d,threatInfo_fileVerificationType_s,threatInfo_identifiedAt_t,threatInfo_incidentStatus_s,threatInfo_incidentStatusDescription_s,threatInfo_initiatedBy_s,threatInfo_initiatedByDescription_s,threatInfo_isFileless_b,threatInfo_isValidCertificate_b,threatInfo_mitigatedPreemptively_b,threatInfo_mitigationStatus_s,threatInfo_mitigationStatusDescription_s,threatInfo_originatorProcess_s,threatInfo_pendingActions_b,threatInfo_processUser_s,threatInfo_publisherName_s,threatInfo_reachedEventsLimit_b,threatInfo_rebootRequired_b,threatInfo_sha1_s,threatInfo_storyline_s,threatInfo_threatId_s,threatInfo_threatName_s,threatInfo_updatedAt_t,whiteningOptions_s,threatInfo_maliciousProcessArguments_s,threatInfo_fileExtension_g,threatInfo_threatName_g,threatInfo_storyline_g,accountId_s,accountName_s,activityType_d,activityUuid_g,createdAt_t,id_s,primaryDescription_s,secondaryDescription_s,siteId_s,siteName_s,updatedAt_t,userId_s,event_name_s,DataFields_s,description_s,comments_s,activeDirectory_computerMemberOf_s,activeDirectory_lastUserMemberOf_s,activeThreats_d,agentVersion_s,allowRemoteShell_b,appsVulnerabilityStatus_s,computerName_s,consoleMigrationStatus_s,coreCount_d,cpuCount_d,cpuId_s,detectionState_s,domain_s,encryptedApplications_b,externalId_s,externalIp_s,firewallEnabled_b,firstFullModeTime_t,fullDiskScanLastUpdatedAt_t,groupId_s,groupIp_s,groupName_s,inRemoteShellSession_b,infected_b,installerType_s,isActive_b,isDecommissioned_b,isPendingUninstall_b,isUninstalled_b,isUpToDate_b,lastActiveDate_t,lastIpToMgmt_s,lastLoggedInUserName_s,licenseKey_s,locationEnabled_b,locationType_s,locations_s,machineType_s,mitigationMode_s,mitigationModeSuspicious_s,modelName_s,networkInterfaces_s,networkQuarantineEnabled_b,networkStatus_s,operationalState_s,osArch_s,osName_s,osRevision_s,osStartTime_t,osType_s,rangerStatus_s,rangerVersion_s,registeredAt_t,remoteProfilingState_s,scanFinishedAt_t,scanStartedAt_t,scanStatus_s,serialNumber_s,showAlertIcon_b,tags_sentinelone_s,threatRebootRequired_b,totalMemory_d,userActionsNeeded_s,uuid_g,osUsername_s,scanAbortedAt_t,activeDirectory_computerDistinguishedName_s,activeDirectory_lastUserDistinguishedName_s,Type,_ResourceId
1a0e2567-2e58-4989-ad18-206108185325,RestAPI,,,"7/21/2023, 5:00:04.211 AM",,,,,,,,,,,,,,,,,,,USER\.DEFAULT\Software\Microsoft\CTF\SortOrder\Language\00000000,USER\.DEFAULT\Software\Microsoft\CTF\SortOrder\Language\00000000,,Registry Modified Alert,,,,,,,,,,,,,,,,,,,,,,laptop,CLWO007,windows,Windows 11 Pro,22621,f25c1ccd-5039-4dcf-812e-79a2aede6358,23.1.2.400,1730979466865875730,false,true,false,laptop,CLWO007,windows,f25c1ccd-5039-4dcf-812e-79a2aede6358,1733809524573085377,Undefined,"7/21/2023, 4:49:54.966 AM",01H5VCGQX8NDGYCZ97EQ7KNBHM_88,REGVALUEDELETE,Events,Unresolved,true,"7/21/2023, 4:50:01.639 AM",STAR,"7/21/2023, 4:50:01.639 AM",1733126240259591279,Registry Modified,1.0,events,"EventType = ""Registry Key Create"" OR EventType = ""Registry Value Create"" OR EventType = ""Registry Key Delete"" OR EventType = ""Registry Key Rename"" OR EventType = ""Registry Key Security Changed"" OR EventType = ""Registry Value Delete"" OR EventType = ""Registry Value Modified"" OR EventType = ""Task Register"" OR EventType = ""Registry Key Export"" OR EventType = ""Registry Key Import"" OR EventType = ""Registry Value Create""",site,Low,UNDEFINED,C:\Windows\System32\WinLogon.exe -SpecialSession,bc97817d-5acf-afc4-ab85-ed9c3c576161,2a142db7d20ea7dd8e63341a7cc4c4035c461e64,51750130dcf9442a22eb3a4a4e2ebe77519c95955c9b843abcfe0d03e0ede05a,C:\Windows\System32\winlogon.exe,MICROSOFT WINDOWS,system,winlogon.exe,15044,"7/20/2023, 1:42:45.436 PM",DD8512F580778F51,sys_win32,DC8512F580778F51,NT AUTHORITY\SYSTEM,"""LogonUI.exe"" /flags:0x2 /state0:0xa2159855 /state1:0x41c64e6d",b3cc2464-bece-9a99-d8c7-55a7ccbfef52,83acd640edab941976a0326670e6c0a8ab7755dd,b62e62c7374ce1398b985af3122ff10a092750f65191fdc3aa6151de130183a3,C:\Windows\System32\LogonUI.exe,MICROSOFT WINDOWS,system,LogonUI.exe,12572,"7/20/2023, 1:42:45.521 PM",E88512F580778F51,sys_win32,E78512F580778F51,NT AUTHORITY\SYSTEM,"1/1/1970, 12:00:00.000 AM",,,,signed,"1/1/1970, 12:00:00.000 AM",,unknown,"1/1/1970, 12:00:00.000 AM",,,,,,,,,,,,,,1712500237934148927,,,,,,,,,,,,,,,,1712500242422055104,,,,,,,,,,,,,,,,,,,,,,,,,,,,,,,,,,,,,,,,,,,,,,,,,,,,,,,,,,,,,,,,,,,,,,,,,,,,,,,,,,,,,,,,,,Alerts.,,,,,,,,,,,,,,,,,,,,,,,,,,,,,,,,,,,,,,,,,,,,,,,,,,,,,,,,,,,,,,,,,,,,,,,,SentinelOne_CL,
1a0e2567-2e58-4989-ad18-206108185325,RestAPI,,,"7/25/2023, 6:40:03.934 AM",,,,,,,,,,,,,,,,,,,MACHINE\SOFTWARE\Microsoft\Windows\CurrentVersion\Authentication\LogonUI\SessionData\LastLoggedOnProvider,MACHINE\SOFTWARE\Microsoft\Windows\CurrentVersion\Authentication\LogonUI\SessionData\LastLoggedOnProvider,60b78e88-ead8-445c-9cfd-0b87f74ea6cd,,,,,,,,,,,,,,,,,,,,,,,laptop,CLWO007,windows,Windows 11 Pro,22621,f25c1ccd-5039-4dcf-812e-79a2aede6358,23.1.2.400,1730979466865875730,false,true,false,laptop,CLWO007,windows,f25c1ccd-5039-4dcf-812e-79a2aede6358,1736756033410194474,Undefined,"7/25/2023, 6:23:59.251 AM",01H65VFT5FJT5WRW54TT0TPT5X_182,REGVALUECREATE,Events,Unresolved,true,"7/25/2023, 6:24:12.864 AM",STAR,"7/25/2023, 6:24:12.864 AM",1736743171400115521,CWL547,1.0,events,"EndpointName = ""CLWO007""",account,Medium,UNDEFINED,winlogon.exe,bc97817d-5acf-afc4-ab85-ed9c3c576161,2a142db7d20ea7dd8e63341a7cc4c4035c461e64,51750130dcf9442a22eb3a4a4e2ebe77519c95955c9b843abcfe0d03e0ede05a,C:\Windows\System32\winlogon.exe,MICROSOFT WINDOWS,system,winlogon.exe,11468,"7/25/2023, 5:42:14.136 AM",DDBA12F580778F51,sys_win32,DCBA12F580778F51,NT AUTHORITY\SYSTEM,"""LogonUI.exe"" /flags:0x0 /state0:0xa1eb2055 /state1:0x41c64e6d",b3cc2464-bece-9a99-d8c7-55a7ccbfef52,83acd640edab941976a0326670e6c0a8ab7755dd,b62e62c7374ce1398b985af3122ff10a092750f65191fdc3aa6151de130183a3,C:\Windows\System32\LogonUI.exe,MICROSOFT WINDOWS,system,LogonUI.exe,288,"7/25/2023, 6:21:57.165 AM",EADA12F580778F51,sys_win32,E9DA12F580778F51,NT AUTHORITY\SYSTEM,"1/1/1970, 12:00:00.000 AM",,,,signed,"1/1/1970, 12:00:00.000 AM",,unknown,"1/1/1970, 12:00:00.000 AM",,,,,,,,,,,,,,1712500237934148927,,,,,,,,,,,,,,,,1712500242422055104,,,,,,,,,,,,,,,,,,,,,,,,,,,,,,,,,,,,,,,,,,,,,,,,,,,,,,,,,,,,,,,,,,,,,,,,,,,,,,,,,,,,,,,,,,Alerts.,,,,,,,,,,,,,,,,,,,,,,,,,,,,,,,,,,,,,,,,,,,,,,,,,,,,,,,,,,,,,,,,,,,,,,,,SentinelOne_CL,
1a0e2567-2e58-4989-ad18-206108185325,RestAPI,,,"7/25/2023, 6:40:03.934 AM",,,,,,,,,,,,,,,,,,,MACHINE\SOFTWARE\Classes\Local Settings\Software\Microsoft\Windows\CurrentVersion\AppModel\Deployment\Package\*\S-1-5-19\{849FB467-5283-433A-A697-1106D6DFDCF8}\ProcessCreationTime,MACHINE\SOFTWARE\Classes\Local Settings\Software\Microsoft\Windows\CurrentVersion\AppModel\Deployment\Package\*\S-1-5-19\{849FB467-5283-433A-A697-1106D6DFDCF8}\ProcessCreationTime,,,0x01D9BEC08888128D,,,,,,,,,,,,,,,,,,,,,laptop,CLWO007,windows,Windows 11 Pro,22621,f25c1ccd-5039-4dcf-812e-79a2aede6358,23.1.2.400,1730979466865875730,false,true,false,laptop,CLWO007,windows,f25c1ccd-5039-4dcf-812e-79a2aede6358,1736756056545976543,Undefined,"7/25/2023, 6:23:59.237 AM",01H65VFT5FJT5WRW54TT0TPT5X_94,REGVALUECREATE,Events,Unresolved,true,"7/25/2023, 6:24:15.622 AM",STAR,"7/25/2023, 6:24:15.622 AM",1736743171400115521,CWL547,1.0,events,"EndpointName = ""CLWO007""",account,Medium,UNDEFINED,C:\Windows\system32\services.exe,68483e45-9f55-5389-ad8b-a6424bbaf42f,16d12a866c716390af9ca4d87bd7674d6e478f42,4a12143226b7090d6e9bb8d040618a2c7a9ef5282f7cc10fa374adc9ab19cbeb,C:\Windows\System32\services.exe,MICROSOFT WINDOWS PUBLISHER,system,services.exe,8,"7/17/2023, 10:22:46.739 AM",433C0EF580778F51,sys_win32,423C0EF580778F51,NT AUTHORITY\SYSTEM,C:\Windows\system32\svchost.exe -k wsappx -p -s AppXSvc,8ec922c7-a58a-8701-ab48-1b7be9644536,3f64c98f22da277a07cab248c44c56eedb796a81,949bfb5b4c7d58d92f3f9c5f8ec7ca4ceaffd10ec5f0020f0a987c472d61c54b,C:\Windows\System32\svchost.exe,MICROSOFT WINDOWS,system,svchost.exe,15536,"7/25/2023, 6:23:32.034 AM",F4DA12F580778F51,sys_win32,F3DA12F580778F51,NT AUTHORITY\SYSTEM,"1/1/1970, 12:00:00.000 AM",,,,signed,"1/1/1970, 12:00:00.000 AM",,unknown,"1/1/1970, 12:00:00.000 AM",,,,,,,,,,,,,,1712500237934148927,,,,,,,,,,,,,,,,1712500242422055104,,,,,,,,,,,,,,,,,,,,,,,,,,,,,,,,,,,,,,,,,,,,,,,,,,,,,,,,,,,,,,,,,,,,,,,,,,,,,,,,,,,,,,,,,,Alerts.,,,,,,,,,,,,,,,,,,,,,,,,,,,,,,,,,,,,,,,,,,,,,,,,,,,,,,,,,,,,,,,,,,,,,,,,SentinelOne_CL,
1a0e2567-2e58-4989-ad18-206108185325,RestAPI,,,"7/25/2023, 2:00:04.318 PM",,,,,,,,,,,,,,,,,,,MACHINE\SYSTEM\ControlSet001\Control\CI\Aggregation\ccbca715cf18ac35db66a1bf785518be709dfe1d32ea9aa0b2f44183b5015f56_78eac555aed3cf37a692d07c943605bfd142b473d9128551ab6272b7edc42bf0,MACHINE\SYSTEM\ControlSet001\Control\CI\Aggregation\ccbca715cf18ac35db66a1bf785518be709dfe1d32ea9aa0b2f44183b5015f56_78eac555aed3cf37a692d07c943605bfd142b473d9128551ab6272b7edc42bf0,,,0x01D9BEFDEF4AE0EF,,,,,,,,,,,,,,,,,,,,,laptop,CLWO007,windows,Windows 11 Pro,22621,f25c1ccd-5039-4dcf-812e-79a2aede6358,23.1.2.400,1730979466865875730,false,true,false,laptop,CLWO007,windows,f25c1ccd-5039-4dcf-812e-79a2aede6358,1736977181371246149,Undefined,"7/25/2023, 1:43:18.485 PM",01H66MM8VMFWW6SBPQ81V9PDKH_70,REGVALUECREATE,Events,Unresolved,true,"7/25/2023, 1:43:35.756 PM",STAR,"7/25/2023, 1:43:35.756 PM",1736743171400115521,CWL547,1.0,events,"EndpointName = ""CLWO007""",account,Medium,UNDEFINED,C:\Windows\System32\svchost.exe -k utcsvc -p,8ec922c7-a58a-8701-ab48-1b7be9644536,3f64c98f22da277a07cab248c44c56eedb796a81,949bfb5b4c7d58d92f3f9c5f8ec7ca4ceaffd10ec5f0020f0a987c472d61c54b,C:\Windows\System32\svchost.exe,MICROSOFT WINDOWS,system,svchost.exe,4604,"7/17/2023, 10:22:48.963 AM",553D0EF580778F51,sys_win32,543D0EF580778F51,NT AUTHORITY\SYSTEM,AggregatorHost.exe,83ae8c09-e701-a0d6-9502-531388abb9a2,b6b739386d618672c01743a19a0dabdeb7b07b47,eea98faad130bc115316045cded19f3ae90be91f24161ff4251ce9f4b4e2b82d,C:\Windows\System32\AggregatorHost.exe,MICROSOFT WINDOWS,system,AggregatorHost.exe,5736,"7/17/2023, 10:22:49.711 AM",8E3D0EF580778F51,sys_win32,8D3D0EF580778F51,NT AUTHORITY\SYSTEM,"1/1/1970, 12:00:00.000 AM",,,,signed,"1/1/1970, 12:00:00.000 AM",,unknown,"1/1/1970, 12:00:00.000 AM",,,,,,,,,,,,,,1712500237934148927,,,,,,,,,,,,,,,,1712500242422055104,,,,,,,,,,,,,,,,,,,,,,,,,,,,,,,,,,,,,,,,,,,,,,,,,,,,,,,,,,,,,,,,,,,,,,,,,,,,,,,,,,,,,,,,,,Alerts.,,,,,,,,,,,,,,,,,,,,,,,,,,,,,,,,,,,,,,,,,,,,,,,,,,,,,,,,,,,,,,,,,,,,,,,,SentinelOne_CL,
1a0e2567-2e58-4989-ad18-206108185325,RestAPI,,,"7/25/2023, 2:00:04.318 PM",,,,,,,,,,,,,,,,,,,MACHINE\SOFTWARE\Microsoft\Windows\CurrentVersion\Authentication\LogonUI\SessionData\LastLoggedOnProvider,MACHINE\SOFTWARE\Microsoft\Windows\CurrentVersion\Authentication\LogonUI\SessionData\LastLoggedOnProvider,60b78e88-ead8-445c-9cfd-0b87f74ea6cd,,,,,,,,,,,,,,,,,,,,,,,laptop,CLWO007,windows,Windows 11 Pro,22621,f25c1ccd-5039-4dcf-812e-79a2aede6358,23.1.2.400,1730979466865875730,false,true,false,laptop,CLWO007,windows,f25c1ccd-5039-4dcf-812e-79a2aede6358,1736978460432719875,Undefined,"7/25/2023, 1:45:58.677 PM",01H66MS4AHVPK6ZSZA1W047SMR_259,REGVALUECREATE,Events,Unresolved,true,"7/25/2023, 1:46:08.231 PM",STAR,"7/25/2023, 1:46:08.231 PM",1736743171400115521,CWL547,1.0,events,"EndpointName = ""CLWO007""",account,Medium,UNDEFINED,winlogon.exe,bc97817d-5acf-afc4-ab85-ed9c3c576161,2a142db7d20ea7dd8e63341a7cc4c4035c461e64,51750130dcf9442a22eb3a4a4e2ebe77519c95955c9b843abcfe0d03e0ede05a,C:\Windows\System32\winlogon.exe,MICROSOFT WINDOWS,system,winlogon.exe,11468,"7/25/2023, 5:42:14.136 AM",DDBA12F580778F51,sys_win32,DCBA12F580778F51,NT AUTHORITY\SYSTEM,"""LogonUI.exe"" /flags:0x0 /state0:0xa13da855 /state1:0x41c64e6d",b3cc2464-bece-9a99-d8c7-55a7ccbfef52,83acd640edab941976a0326670e6c0a8ab7755dd,b62e62c7374ce1398b985af3122ff10a092750f65191fdc3aa6151de130183a3,C:\Windows\System32\LogonUI.exe,MICROSOFT WINDOWS,system,LogonUI.exe,8412,"7/25/2023, 1:44:19.606 PM",A8E912F580778F51,sys_win32,A7E912F580778F51,NT AUTHORITY\SYSTEM,"1/1/1970, 12:00:00.000 AM",,,,signed,"1/1/1970, 12:00:00.000 AM",,unknown,"1/1/1970, 12:00:00.000 AM",,,,,,,,,,,,,,1712500237934148927,,,,,,,,,,,,,,,,1712500242422055104,,,,,,,,,,,,,,,,,,,,,,,,,,,,,,,,,,,,,,,,,,,,,,,,,,,,,,,,,,,,,,,,,,,,,,,,,,,,,,,,,,,,,,,,,,Alerts.,,,,,,,,,,,,,,,,,,,,,,,,,,,,,,,,,,,,,,,,,,,,,,,,,,,,,,,,,,,,,,,,,,,,,,,,SentinelOne_CL,
1a0e2567-2e58-4989-ad18-206108185325,RestAPI,,,"7/21/2023, 9:00:03.330 AM",,,,,,,,,,,,,,,,,,,MACHINE\SOFTWARE\Classes\CLSID\{D099E2CC-54BE-4BF6-B1D9-73092B5D139B},MACHINE\SOFTWARE\Classes\CLSID\{D099E2CC-54BE-4BF6-B1D9-73092B5D139B},,Registry Modified Alert,,,,,,,,,,,,,,,,,,,,,,laptop,CLWO007,windows,Windows 11 Pro,22621,f25c1ccd-5039-4dcf-812e-79a2aede6358,23.1.2.400,1730979466865875730,false,true,false,laptop,CLWO007,windows,f25c1ccd-5039-4dcf-812e-79a2aede6358,1733928319128067769,Undefined,"7/21/2023, 8:45:49.258 AM",01H5VT0N41Z3MMMBM9DFA6JF76_17,REGKEYCREATE,Events,Unresolved,true,"7/21/2023, 8:46:03.055 AM",STAR,"7/21/2023, 8:46:03.055 AM",1733126240259591279,Registry Modified,1.0,events,"EventType = ""Registry Key Create"" OR EventType = ""Registry Value Create"" OR EventType = ""Registry Key Delete"" OR EventType = ""Registry Key Rename"" OR EventType = ""Registry Key Security Changed"" OR EventType = ""Registry Value Delete"" OR EventType = ""Registry Value Modified"" OR EventType = ""Task Register"" OR EventType = ""Registry Key Export"" OR EventType = ""Registry Key Import"" OR EventType = ""Registry Value Create""",site,Low,UNDEFINED,C:\Windows\system32\services.exe,68483e45-9f55-5389-ad8b-a6424bbaf42f,16d12a866c716390af9ca4d87bd7674d6e478f42,4a12143226b7090d6e9bb8d040618a2c7a9ef5282f7cc10fa374adc9ab19cbeb,C:\Windows\System32\services.exe,MICROSOFT WINDOWS PUBLISHER,system,services.exe,8,"7/17/2023, 10:22:46.739 AM",433C0EF580778F51,sys_win32,423C0EF580778F51,NT AUTHORITY\SYSTEM,C:\Windows\system32\svchost.exe -k netsvcs -p -s wuauserv,8ec922c7-a58a-8701-ab48-1b7be9644536,3f64c98f22da277a07cab248c44c56eedb796a81,949bfb5b4c7d58d92f3f9c5f8ec7ca4ceaffd10ec5f0020f0a987c472d61c54b,C:\Windows\System32\svchost.exe,MICROSOFT WINDOWS,system,svchost.exe,17008,"7/21/2023, 8:44:53.471 AM",2E9D12F580778F51,sys_win32,2D9D12F580778F51,NT AUTHORITY\SYSTEM,"1/1/1970, 12:00:00.000 AM",,,,signed,"1/1/1970, 12:00:00.000 AM",,unknown,"1/1/1970, 12:00:00.000 AM",,,,,,,,,,,,,,1712500237934148927,,,,,,,,,,,,,,,,1712500242422055104,,,,,,,,,,,,,,,,,,,,,,,,,,,,,,,,,,,,,,,,,,,,,,,,,,,,,,,,,,,,,,,,,,,,,,,,,,,,,,,,,,,,,,,,,,Alerts.,,,,,,,,,,,,,,,,,,,,,,,,,,,,,,,,,,,,,,,,,,,,,,,,,,,,,,,,,,,,,,,,,,,,,,,,SentinelOne_CL,
1a0e2567-2e58-4989-ad18-206108185325,RestAPI,,,"7/21/2023, 8:40:04.366 AM",,,,,,,,,,,,,,,,,,,USER\S-1-5-21-3622100493-2250088526-2058887289-1000\System\CurrentControlSet\Control\NetTrace,USER\S-1-5-21-3622100493-2250088526-2058887289-1000\System\CurrentControlSet\Control\NetTrace,,Registry Modified Alert,,,,,,,,,,,,,,,,,,,,,,laptop,CLWO007,windows,Windows 11 Pro,22621,f25c1ccd-5039-4dcf-812e-79a2aede6358,23.1.2.400,1730979466865875730,false,true,false,laptop,CLWO007,windows,f25c1ccd-5039-4dcf-812e-79a2aede6358,1733919264950225665,Undefined,"7/21/2023, 8:27:50.082 AM",01H5VRZP98HJ39M1KMSR9AGTBE_93,REGKEYCREATE,Events,Unresolved,true,"7/21/2023, 8:28:03.713 AM",STAR,"7/21/2023, 8:28:03.713 AM",1733126240259591279,Registry Modified,1.0,events,"EventType = ""Registry Key Create"" OR EventType = ""Registry Value Create"" OR EventType = ""Registry Key Delete"" OR EventType = ""Registry Key Rename"" OR EventType = ""Registry Key Security Changed"" OR EventType = ""Registry Value Delete"" OR EventType = ""Registry Value Modified"" OR EventType = ""Task Register"" OR EventType = ""Registry Key Export"" OR EventType = ""Registry Key Import"" OR EventType = ""Registry Value Create""",site,Low,UNDEFINED,C:\Windows\System32\sdiagnhost.exe -Embedding,114ce4ca-fd4c-1ca9-438b-b548ebda27fc,1583cf30eb074ba1604504f45e492519c5fdddea,b2f5e94881978f898010db4f913e1ad619063ada5768ddd41df235918247d163,C:\Windows\System32\sdiagnhost.exe,MICROSOFT WINDOWS,medium,sdiagnhost.exe,2780,"7/21/2023, 8:27:25.173 AM",2D9A12F580778F51,sys_win32,579A12F580778F51,CLWO007\Crest,"""C:\Windows\system32\netsh.exe"" trace diagnose Scenario=NetworkSnapshot Mode=NetTroubleshooter",52b46510-8308-1201-e243-e97ed965b60a,92f2b4e5e5ca66486f4062ab27b8af23d6ad564a,3e91414a1a005937925e449627d4634e73b1da9dc12d1008b1baa54c77637c44,C:\Windows\System32\netsh.exe,MICROSOFT WINDOWS,medium,netsh.exe,4236,"7/21/2023, 8:27:25.788 AM",2D9A12F580778F51,sys_win32,719A12F580778F51,CLWO007\Crest,"1/1/1970, 12:00:00.000 AM",,,,signed,"1/1/1970, 12:00:00.000 AM",,unknown,"1/1/1970, 12:00:00.000 AM",,,,,,,,,,,,,,1712500237934148927,,,,,,,,,,,,,,,,1712500242422055104,,,,,,,,,,,,,,,,,,,,,,,,,,,,,,,,,,,,,,,,,,,,,,,,,,,,,,,,,,,,,,,,,,,,,,,,,,,,,,,,,,,,,,,,,,Alerts.,,,,,,,,,,,,,,,,,,,,,,,,,,,,,,,,,,,,,,,,,,,,,,,,,,,,,,,,,,,,,,,,,,,,,,,,SentinelOne_CL,
1a0e2567-2e58-4989-ad18-206108185325,RestAPI,,,"7/21/2023, 5:00:04.211 AM",,,,,,,,,,,,,,,,,,,USER\S-1-5-21-3622100493-2250088526-2058887289-1000\Software\Microsoft\Windows\CurrentVersion\Explorer\Advanced\StartMode,USER\S-1-5-21-3622100493-2250088526-2058887289-1000\Software\Microsoft\Windows\CurrentVersion\Explorer\Advanced\StartMode,,Registry Modified Alert,,,,,,,,,,,,,,,,,,,,,,laptop,CLWO007,windows,Windows 11 Pro,22621,f25c1ccd-5039-4dcf-812e-79a2aede6358,23.1.2.400,1730979466865875730,false,true,false,laptop,CLWO007,windows,f25c1ccd-5039-4dcf-812e-79a2aede6358,1733809553228572378,Undefined,"7/21/2023, 4:49:54.955 AM",01H5VCGQX8NDGYCZ97EQ7KNBHM_2,REGKEYCREATE,Events,Unresolved,true,"7/21/2023, 4:50:05.055 AM",STAR,"7/21/2023, 4:50:05.055 AM",1733126240259591279,Registry Modified,1.0,events,"EventType = ""Registry Key Create"" OR EventType = ""Registry Value Create"" OR EventType = ""Registry Key Delete"" OR EventType = ""Registry Key Rename"" OR EventType = ""Registry Key Security Changed"" OR EventType = ""Registry Value Delete"" OR EventType = ""Registry Value Modified"" OR EventType = ""Task Register"" OR EventType = ""Registry Key Export"" OR EventType = ""Registry Key Import"" OR EventType = ""Registry Value Create""",site,Low,UNDEFINED,C:\Windows\system32\userinit.exe,fc003295-bccc-472c-f80d-e65788f64978,43246106034f0fcbb07ecda6be3635a967bac688,f098ce116049a2024fa282fd62764159f451a9c1cc21a7845d155d439cf52b27,C:\Windows\System32\userinit.exe,MICROSOFT WINDOWS,medium,userinit.exe,10796,"7/21/2023, 4:49:44.429 AM",8C8712F580778F51,sys_win32,8B8712F580778F51,CLWO007\Crest,C:\Windows\Explorer.EXE,357b678c-68d3-d5ee-86e1-b706fbfd994b,a4e4e2bc502e4ab249b219da357d1aad163ab175,8375581b32e510a1ddf90b1ff8ffb8a756d71e1d5572b1c7c027e9b7393ccd3b,C:\Windows\explorer.exe,MICROSOFT WINDOWS,medium,explorer.exe,5000,"7/21/2023, 4:49:44.522 AM",8F8712F580778F51,sys_win32,8E8712F580778F51,CLWO007\Crest,"1/1/1970, 12:00:00.000 AM",,,,signed,"1/1/1970, 12:00:00.000 AM",,unknown,"1/1/1970, 12:00:00.000 AM",,,,,,,,,,,,,,1712500237934148927,,,,,,,,,,,,,,,,1712500242422055104,,,,,,,,,,,,,,,,,,,,,,,,,,,,,,,,,,,,,,,,,,,,,,,,,,,,,,,,,,,,,,,,,,,,,,,,,,,,,,,,,,,,,,,,,,Alerts.,,,,,,,,,,,,,,,,,,,,,,,,,,,,,,,,,,,,,,,,,,,,,,,,,,,,,,,,,,,,,,,,,,,,,,,,SentinelOne_CL,
1a0e2567-2e58-4989-ad18-206108185325,RestAPI,,,"7/21/2023, 5:00:04.211 AM",,,,,,,,,,,,,,,,,,,USER\S-1-5-21-3622100493-2250088526-2058887289-1000\Control Panel\Desktop\MuiCached,USER\S-1-5-21-3622100493-2250088526-2058887289-1000\Control Panel\Desktop\MuiCached,,Registry Modified Alert,,,,,,,,,,,,,,,,,,,,,,laptop,CLWO007,windows,Windows 11 Pro,22621,f25c1ccd-5039-4dcf-812e-79a2aede6358,23.1.2.400,1730979466865875730,false,true,false,laptop,CLWO007,windows,f25c1ccd-5039-4dcf-812e-79a2aede6358,1733809554604304189,Undefined,"7/21/2023, 4:49:54.924 AM",01H5VCGKX654Z6M4GRY5GYDXEQ_577,REGKEYCREATE,Events,Unresolved,true,"7/21/2023, 4:50:05.219 AM",STAR,"7/21/2023, 4:50:05.219 AM",1733126240259591279,Registry Modified,1.0,events,"EventType = ""Registry Key Create"" OR EventType = ""Registry Value Create"" OR EventType = ""Registry Key Delete"" OR EventType = ""Registry Key Rename"" OR EventType = ""Registry Key Security Changed"" OR EventType = ""Registry Value Delete"" OR EventType = ""Registry Value Modified"" OR EventType = ""Task Register"" OR EventType = ""Registry Key Export"" OR EventType = ""Registry Key Import"" OR EventType = ""Registry Value Create""",site,Low,UNDEFINED,\SystemRoot\System32\smss.exe 00000118 000000c0 C:\Windows\System32\WinLogon.exe -SpecialSession,49ce4a7f-ed5d-271a-0142-6f2bc262d23c,746f5ae87f13a46e88088dea31d1362727b9ec49,b6800c2ca4bfec26c8b8553beee774f4ebab741b1a48adcccce79f07062977be,C:\Windows\System32\smss.exe,MICROSOFT WINDOWS,system,smss.exe,12104,"7/20/2023, 1:42:45.411 PM",D98512F580778F51,sys_win32,D88512F580778F51,NT AUTHORITY\SYSTEM,C:\Windows\System32\WinLogon.exe -SpecialSession,bc97817d-5acf-afc4-ab85-ed9c3c576161,2a142db7d20ea7dd8e63341a7cc4c4035c461e64,51750130dcf9442a22eb3a4a4e2ebe77519c95955c9b843abcfe0d03e0ede05a,C:\Windows\System32\winlogon.exe,MICROSOFT WINDOWS,system,winlogon.exe,15044,"7/20/2023, 1:42:45.436 PM",DD8512F580778F51,sys_win32,DC8512F580778F51,NT AUTHORITY\SYSTEM,"1/1/1970, 12:00:00.000 AM",,,,signed,"1/1/1970, 12:00:00.000 AM",,unknown,"1/1/1970, 12:00:00.000 AM",,,,,,,,,,,,,,1712500237934148927,,,,,,,,,,,,,,,,1712500242422055104,,,,,,,,,,,,,,,,,,,,,,,,,,,,,,,,,,,,,,,,,,,,,,,,,,,,,,,,,,,,,,,,,,,,,,,,,,,,,,,,,,,,,,,,,,Alerts.,,,,,,,,,,,,,,,,,,,,,,,,,,,,,,,,,,,,,,,,,,,,,,,,,,,,,,,,,,,,,,,,,,,,,,,,SentinelOne_CL,
1a0e2567-2e58-4989-ad18-206108185325,RestAPI,,,"7/25/2023, 6:40:03.934 AM",,,,,,,,,,,,,,,1432,DWORD,,,MACHINE\SYSTEM\ControlSet001\Services\SharedAccess\Epoch\Epoch,MACHINE\SYSTEM\ControlSet001\Services\SharedAccess\Epoch\Epoch,,,1433,,,,,,,,,,,,,,,,,,,,,laptop,CLWO007,windows,Windows 11 Pro,22621,f25c1ccd-5039-4dcf-812e-79a2aede6358,23.1.2.400,1730979466865875730,false,true,false,laptop,CLWO007,windows,f25c1ccd-5039-4dcf-812e-79a2aede6358,1736756069313438662,Undefined,"7/25/2023, 6:23:59.269 AM",01H65VFT5FJT5WRW54TT0TPT5X_244,REGVALUEMODIFIED,Events,Unresolved,true,"7/25/2023, 6:24:17.144 AM",STAR,"7/25/2023, 6:24:17.144 AM",1736743171400115521,CWL547,1.0,events,"EndpointName = ""CLWO007""",account,Medium,UNDEFINED,C:\Windows\system32\services.exe,68483e45-9f55-5389-ad8b-a6424bbaf42f,16d12a866c716390af9ca4d87bd7674d6e478f42,4a12143226b7090d6e9bb8d040618a2c7a9ef5282f7cc10fa374adc9ab19cbeb,C:\Windows\System32\services.exe,MICROSOFT WINDOWS PUBLISHER,system,services.exe,8,"7/17/2023, 10:22:46.739 AM",433C0EF580778F51,sys_win32,423C0EF580778F51,NT AUTHORITY\SYSTEM,C:\Windows\system32\svchost.exe -k LocalServiceNoNetworkFirewall -p,8ec922c7-a58a-8701-ab48-1b7be9644536,3f64c98f22da277a07cab248c44c56eedb796a81,949bfb5b4c7d58d92f3f9c5f8ec7ca4ceaffd10ec5f0020f0a987c472d61c54b,C:\Windows\System32\svchost.exe,MICROSOFT WINDOWS,system,svchost.exe,3468,"7/17/2023, 10:22:48.287 AM",273D0EF580778F51,sys_win32,263D0EF580778F51,NT AUTHORITY\LOCAL SERVICE,"1/1/1970, 12:00:00.000 AM",,,,signed,"1/1/1970, 12:00:00.000 AM",,unknown,"1/1/1970, 12:00:00.000 AM",,,,,,,,,,,,,,1712500237934148927,,,,,,,,,,,,,,,,1712500242422055104,,,,,,,,,,,,,,,,,,,,,,,,,,,,,,,,,,,,,,,,,,,,,,,,,,,,,,,,,,,,,,,,,,,,,,,,,,,,,,,,,,,,,,,,,,Alerts.,,,,,,,,,,,,,,,,,,,,,,,,,,,,,,,,,,,,,,,,,,,,,,,,,,,,,,,,,,,,,,,,,,,,,,,,SentinelOne_CL,
1a0e2567-2e58-4989-ad18-206108185325,RestAPI,,,"7/25/2023, 2:00:04.318 PM",,,,,,,,,,,,,,,76,DWORD,,,MACHINE\SYSTEM\ControlSet001\Services\DisplayEnhancementService\State\LEN40A00_2A_07E0_68\ScreenBrightnessPercent,MACHINE\SYSTEM\ControlSet001\Services\DisplayEnhancementService\State\LEN40A00_2A_07E0_68\ScreenBrightnessPercent,,,53,,,,,,,,,,,,,,,,,,,,,laptop,CLWO007,windows,Windows 11 Pro,22621,f25c1ccd-5039-4dcf-812e-79a2aede6358,23.1.2.400,1730979466865875730,false,true,false,laptop,CLWO007,windows,f25c1ccd-5039-4dcf-812e-79a2aede6358,1736978413867554551,Undefined,"7/25/2023, 1:45:58.637 PM",01H66MS4AHVPK6ZSZA1W047SMR_14,REGVALUEMODIFIED,Events,Unresolved,true,"7/25/2023, 1:46:02.681 PM",STAR,"7/25/2023, 1:46:02.681 PM",1736743171400115521,CWL547,1.0,events,"EndpointName = ""CLWO007""",account,Medium,UNDEFINED,C:\Windows\system32\services.exe,68483e45-9f55-5389-ad8b-a6424bbaf42f,16d12a866c716390af9ca4d87bd7674d6e478f42,4a12143226b7090d6e9bb8d040618a2c7a9ef5282f7cc10fa374adc9ab19cbeb,C:\Windows\System32\services.exe,MICROSOFT WINDOWS PUBLISHER,system,services.exe,8,"7/17/2023, 10:22:46.739 AM",433C0EF580778F51,sys_win32,423C0EF580778F51,NT AUTHORITY\SYSTEM,C:\Windows\system32\svchost.exe -k LocalSystemNetworkRestricted -p -s DisplayEnhancementService,8ec922c7-a58a-8701-ab48-1b7be9644536,3f64c98f22da277a07cab248c44c56eedb796a81,949bfb5b4c7d58d92f3f9c5f8ec7ca4ceaffd10ec5f0020f0a987c472d61c54b,C:\Windows\System32\svchost.exe,MICROSOFT WINDOWS,system,svchost.exe,1864,"7/17/2023, 10:22:47.406 AM",C83C0EF580778F51,sys_win32,C73C0EF580778F51,NT AUTHORITY\SYSTEM,"1/1/1970, 12:00:00.000 AM",,,,signed,"1/1/1970, 12:00:00.000 AM",,unknown,"1/1/1970, 12:00:00.000 AM",,,,,,,,,,,,,,1712500237934148927,,,,,,,,,,,,,,,,1712500242422055104,,,,,,,,,,,,,,,,,,,,,,,,,,,,,,,,,,,,,,,,,,,,,,,,,,,,,,,,,,,,,,,,,,,,,,,,,,,,,,,,,,,,,,,,,,Alerts.,,,,,,,,,,,,,,,,,,,,,,,,,,,,,,,,,,,,,,,,,,,,,,,,,,,,,,,,,,,,,,,,,,,,,,,,SentinelOne_CL,
1a0e2567-2e58-4989-ad18-206108185325,RestAPI,,,"7/25/2023, 2:00:04.318 PM",,,,,,,,,,,,,,,6,DWORD,,,MACHINE\SYSTEM\ControlSet001\Services\LITSSVC\IC\PSC\CurrentSetting,MACHINE\SYSTEM\ControlSet001\Services\LITSSVC\IC\PSC\CurrentSetting,,,2,,,,,,,,,,,,,,,,,,,,,laptop,CLWO007,windows,Windows 11 Pro,22621,f25c1ccd-5039-4dcf-812e-79a2aede6358,23.1.2.400,1730979466865875730,false,true,false,laptop,CLWO007,windows,f25c1ccd-5039-4dcf-812e-79a2aede6358,1736978490463938635,Undefined,"7/25/2023, 1:45:58.637 PM",01H66MS4AHVPK6ZSZA1W047SMR_13,REGVALUEMODIFIED,Events,Unresolved,true,"7/25/2023, 1:46:11.812 PM",STAR,"7/25/2023, 1:46:11.812 PM",1736743171400115521,CWL547,1.0,events,"EndpointName = ""CLWO007""",account,Medium,UNDEFINED,C:\Windows\system32\services.exe,68483e45-9f55-5389-ad8b-a6424bbaf42f,16d12a866c716390af9ca4d87bd7674d6e478f42,4a12143226b7090d6e9bb8d040618a2c7a9ef5282f7cc10fa374adc9ab19cbeb,C:\Windows\System32\services.exe,MICROSOFT WINDOWS PUBLISHER,system,services.exe,8,"7/17/2023, 10:22:46.739 AM",433C0EF580778F51,sys_win32,423C0EF580778F51,NT AUTHORITY\SYSTEM,"""C:\Windows\System32\LITSSvc.exe""",a24ce5c0-eb03-a693-f911-3a756b7ccf56,3c1b6a9c6c3a632851c16d8491abedf44d91d98c,457f7a1b89c4714970183b83c23c18758008b36cb634d9c514191adb793480f7,C:\Windows\System32\LITSSvc.exe,LENOVO,system,LITSSvc.exe,2412,"7/17/2023, 10:22:47.555 AM",F53C0EF580778F51,sys_win32,F43C0EF580778F51,NT AUTHORITY\SYSTEM,"1/1/1970, 12:00:00.000 AM",,,,signed,"1/1/1970, 12:00:00.000 AM",,unknown,"1/1/1970, 12:00:00.000 AM",,,,,,,,,,,,,,1712500237934148927,,,,,,,,,,,,,,,,1712500242422055104,,,,,,,,,,,,,,,,,,,,,,,,,,,,,,,,,,,,,,,,,,,,,,,,,,,,,,,,,,,,,,,,,,,,,,,,,,,,,,,,,,,,,,,,,,Alerts.,,,,,,,,,,,,,,,,,,,,,,,,,,,,,,,,,,,,,,,,,,,,,,,,,,,,,,,,,,,,,,,,,,,,,,,,SentinelOne_CL,
1a0e2567-2e58-4989-ad18-206108185325,RestAPI,,,"7/25/2023, 6:20:04.306 AM",,,,,,,,,,,,,,,128,DWORD,,,MACHINE\SYSTEM\ControlSet001\Services\IBMPMSVC\Parameters2\Type20\Notification\Type22,MACHINE\SYSTEM\ControlSet001\Services\IBMPMSVC\Parameters2\Type20\Notification\Type22,,,0,,,,,,,,,,,,,,,,,,,,,laptop,CLWO007,windows,Windows 11 Pro,22621,f25c1ccd-5039-4dcf-812e-79a2aede6358,23.1.2.400,1730979466865875730,false,true,false,laptop,CLWO007,windows,f25c1ccd-5039-4dcf-812e-79a2aede6358,1736745544310931663,Undefined,"7/25/2023, 6:03:12.137 AM",01H65T9DBHC9TC5YD2TC4279XG_17,REGVALUEMODIFIED,Events,Unresolved,true,"7/25/2023, 6:03:22.466 AM",STAR,"7/25/2023, 6:03:22.466 AM",1736743171400115521,CWL547,1.0,events,"EndpointName = ""CLWO007""",account,Medium,UNDEFINED,C:\Windows\system32\services.exe,68483e45-9f55-5389-ad8b-a6424bbaf42f,16d12a866c716390af9ca4d87bd7674d6e478f42,4a12143226b7090d6e9bb8d040618a2c7a9ef5282f7cc10fa374adc9ab19cbeb,C:\Windows\System32\services.exe,MICROSOFT WINDOWS PUBLISHER,system,services.exe,8,"7/17/2023, 10:22:46.739 AM",433C0EF580778F51,sys_win32,423C0EF580778F51,NT AUTHORITY\SYSTEM,"""C:\Windows\System32\DriverStore\FileRepository\ibmpmdrv.inf_amd64_02d728b29c6492d3\x64\ibmpmsvc.exe""",131233a4-aed6-a5d7-5baa-73d2ea29dd95,ce235043f17f02aeffe8fcb87d38492ced932a05,75b12d3461cadf6defe081347443692e2fa1b1dc440cee5effb4947a3fba0d46,C:\Windows\System32\DriverStore\FileRepository\ibmpmdrv.inf_amd64_02d728b29c6492d3\x64\ibmpmsvc.exe,LENOVO,system,ibmpmsvc.exe,2404,"7/17/2023, 10:22:47.555 AM",F13C0EF580778F51,sys_win32,F03C0EF580778F51,NT AUTHORITY\SYSTEM,"1/1/1970, 12:00:00.000 AM",,,,signed,"1/1/1970, 12:00:00.000 AM",,unknown,"1/1/1970, 12:00:00.000 AM",,,,,,,,,,,,,,1712500237934148927,,,,,,,,,,,,,,,,1712500242422055104,,,,,,,,,,,,,,,,,,,,,,,,,,,,,,,,,,,,,,,,,,,,,,,,,,,,,,,,,,,,,,,,,,,,,,,,,,,,,,,,,,,,,,,,,,Alerts.,,,,,,,,,,,,,,,,,,,,,,,,,,,,,,,,,,,,,,,,,,,,,,,,,,,,,,,,,,,,,,,,,,,,,,,,SentinelOne_CL,
1a0e2567-2e58-4989-ad18-206108185325,RestAPI,,,"7/25/2023, 1:30:03.345 PM",,,,,,,,,,,,,,,,,,,MACHINE\SOFTWARE\Microsoft\Windows\CurrentVersion\Authentication\LogonUI\SessionData\LastLoggedOnProvider,MACHINE\SOFTWARE\Microsoft\Windows\CurrentVersion\Authentication\LogonUI\SessionData\LastLoggedOnProvider,,,,,,,,,,,,,,,,,,,,,,,,laptop,CLWO007,windows,Windows 11 Pro,22621,f25c1ccd-5039-4dcf-812e-79a2aede6358,23.1.2.400,1730979466865875730,false,true,false,laptop,CLWO007,windows,f25c1ccd-5039-4dcf-812e-79a2aede6358,1736965156242159292,Undefined,"7/25/2023, 1:19:27.618 PM",01H66K83G1KZT95CZAKY7VXX3T_6,REGVALUEDELETE,Events,Unresolved,true,"7/25/2023, 1:19:42.249 PM",STAR,"7/25/2023, 1:19:42.249 PM",1736743171400115521,CWL547,1.0,events,"EndpointName = ""CLWO007""",account,Medium,UNDEFINED,winlogon.exe,bc97817d-5acf-afc4-ab85-ed9c3c576161,2a142db7d20ea7dd8e63341a7cc4c4035c461e64,51750130dcf9442a22eb3a4a4e2ebe77519c95955c9b843abcfe0d03e0ede05a,C:\Windows\System32\winlogon.exe,MICROSOFT WINDOWS,system,winlogon.exe,11468,"7/25/2023, 5:42:14.136 AM",DDBA12F580778F51,sys_win32,DCBA12F580778F51,NT AUTHORITY\SYSTEM,"""LogonUI.exe"" /flags:0x0 /state0:0xa1e1e055 /state1:0x41c64e6d",b3cc2464-bece-9a99-d8c7-55a7ccbfef52,83acd640edab941976a0326670e6c0a8ab7755dd,b62e62c7374ce1398b985af3122ff10a092750f65191fdc3aa6151de130183a3,C:\Windows\System32\LogonUI.exe,MICROSOFT WINDOWS,system,LogonUI.exe,14776,"7/25/2023, 6:36:59.465 AM",8DDB12F580778F51,sys_win32,8CDB12F580778F51,NT AUTHORITY\SYSTEM,"1/1/1970, 12:00:00.000 AM",,,,signed,"1/1/1970, 12:00:00.000 AM",,unknown,"1/1/1970, 12:00:00.000 AM",,,,,,,,,,,,,,1712500237934148927,,,,,,,,,,,,,,,,1712500242422055104,,,,,,,,,,,,,,,,,,,,,,,,,,,,,,,,,,,,,,,,,,,,,,,,,,,,,,,,,,,,,,,,,,,,,,,,,,,,,,,,,,,,,,,,,,Alerts.,,,,,,,,,,,,,,,,,,,,,,,,,,,,,,,,,,,,,,,,,,,,,,,,,,,,,,,,,,,,,,,,,,,,,,,,SentinelOne_CL,
1a0e2567-2e58-4989-ad18-206108185325,RestAPI,,,"7/26/2023, 5:10:04.255 AM",,,,,,,,,,,,,,,,,,,MACHINE\SYSTEM\ControlSet001\Control\Class\{ce5939ae-ebde-11d0-b181-0000f8753ec4}\LowerFilters,MACHINE\SYSTEM\ControlSet001\Control\Class\{ce5939ae-ebde-11d0-b181-0000f8753ec4}\LowerFilters,,,,,,,,,,,,,,,,,,,,,,,,laptop,CLWO007,windows,Windows 11 Pro,22621,f25c1ccd-5039-4dcf-812e-79a2aede6358,23.1.2.400,1730979466865875730,false,true,true,laptop,CLWO007,windows,f25c1ccd-5039-4dcf-812e-79a2aede6358,1737434976838411407,Undefined,"7/26/2023, 4:52:56.749 AM",01H688NVMGGD1RB6YEGZ05DW3B_90,REGVALUEDELETE,Events,Unresolved,true,"7/26/2023, 4:53:09.227 AM",STAR,"7/26/2023, 4:53:09.227 AM",1736743171400115521,CWL547,1.0,events,"EndpointName = ""CLWO007""",account,Medium,UNDEFINED,"C:\Windows\explorer.exe /factory,{5BD95610-9434-43C2-886C-57852CC8A120} -Embedding",357b678c-68d3-d5ee-86e1-b706fbfd994b,a4e4e2bc502e4ab249b219da357d1aad163ab175,8375581b32e510a1ddf90b1ff8ffb8a756d71e1d5572b1c7c027e9b7393ccd3b,C:\Windows\explorer.exe,MICROSOFT WINDOWS,medium,explorer.exe,3752,"7/26/2023, 4:51:18.156 AM",240814F580778F51,sys_win32,230814F580778F51,CLWO007\Crest,C:\Windows\System32\MsiExec.exe -Embedding 4C754603A3163416FCCAF5EE73FB156F E Global\MSI0000,302be4b7-434e-6797-6902-9c8570825cc0,f3d7fee4ced78e37f49ce4e38ac681f07bca6ae0,5a31ea6a517a065166fafa01a0ac6a350d0e2dcba1b6dd4fdb41ae59109568e1,C:\Windows\System32\msiexec.exe,MICROSOFT WINDOWS,system,msiexec.exe,3628,"7/26/2023, 4:52:44.193 AM",960814F580778F51,sys_win32,950814F580778F51,NT AUTHORITY\SYSTEM,"1/1/1970, 12:00:00.000 AM",,,,signed,"1/1/1970, 12:00:00.000 AM",,unknown,"1/1/1970, 12:00:00.000 AM",,,,,,,,,,,,,,1712500237934148927,,,,,,,,,,,,,,,,1712500242422055104,,,,,,,,,,,,,,,,,,,,,,,,,,,,,,,,,,,,,,,,,,,,,,,,,,,,,,,,,,,,,,,,,,,,,,,,,,,,,,,,,,,,,,,,,,Alerts.,,,,,,,,,,,,,,,,,,,,,,,,,,,,,,,,,,,,,,,,,,,,,,,,,,,,,,,,,,,,,,,,,,,,,,,,SentinelOne_CL,
1a0e2567-2e58-4989-ad18-206108185325,RestAPI,,,"7/26/2023, 5:10:04.255 AM",,,,,,,,,,,,,,,,,,,MACHINE\SOFTWARE\Microsoft\Windows\CurrentVersion\Run\Sentinel Agent,MACHINE\SOFTWARE\Microsoft\Windows\CurrentVersion\Run\Sentinel Agent,,,,,,,,,,,,,,,,,,,,,,,,laptop,CLWO007,windows,Windows 11 Pro,22621,f25c1ccd-5039-4dcf-812e-79a2aede6358,23.1.2.400,1730979466865875730,false,true,true,laptop,CLWO007,windows,f25c1ccd-5039-4dcf-812e-79a2aede6358,1737436654199444088,Undefined,"7/26/2023, 4:56:13.464 AM",01H688VX35HEE63RCZGXE2VWQE_70,REGVALUEDELETE,Events,Unresolved,true,"7/26/2023, 4:56:29.184 AM",STAR,"7/26/2023, 4:56:29.184 AM",1736743171400115521,CWL547,1.0,events,"EndpointName = ""CLWO007""",account,Medium,UNDEFINED,"C:\Windows\explorer.exe /factory,{5BD95610-9434-43C2-886C-57852CC8A120} -Embedding",357b678c-68d3-d5ee-86e1-b706fbfd994b,a4e4e2bc502e4ab249b219da357d1aad163ab175,8375581b32e510a1ddf90b1ff8ffb8a756d71e1d5572b1c7c027e9b7393ccd3b,C:\Windows\explorer.exe,MICROSOFT WINDOWS,medium,explorer.exe,3752,"7/26/2023, 4:51:18.156 AM",240814F580778F51,sys_win32,230814F580778F51,CLWO007\Crest,C:\Windows\System32\MsiExec.exe -Embedding BFA5DB129DF20220C00F97E73D052F54 E Global\MSI0000,302be4b7-434e-6797-6902-9c8570825cc0,f3d7fee4ced78e37f49ce4e38ac681f07bca6ae0,5a31ea6a517a065166fafa01a0ac6a350d0e2dcba1b6dd4fdb41ae59109568e1,C:\Windows\System32\msiexec.exe,MICROSOFT WINDOWS,system,msiexec.exe,15308,"7/26/2023, 4:56:03.410 AM",690C14F580778F51,sys_win32,680C14F580778F51,NT AUTHORITY\SYSTEM,"1/1/1970, 12:00:00.000 AM",,,,signed,"1/1/1970, 12:00:00.000 AM",,unknown,"1/1/1970, 12:00:00.000 AM",,,,,,,,,,,,,,1712500237934148927,,,,,,,,,,,,,,,,1712500242422055104,,,,,,,,,,,,,,,,,,,,,,,,,,,,,,,,,,,,,,,,,,,,,,,,,,,,,,,,,,,,,,,,,,,,,,,,,,,,,,,,,,,,,,,,,,Alerts.,,,,,,,,,,,,,,,,,,,,,,,,,,,,,,,,,,,,,,,,,,,,,,,,,,,,,,,,,,,,,,,,,,,,,,,,SentinelOne_CL,
1a0e2567-2e58-4989-ad18-206108185325,RestAPI,,,"7/21/2023, 9:40:03.772 AM",,,,,,,,,,,,,,,,,,,MACHINE\SOFTWARE\Classes\Local Settings\Software\Microsoft\Windows\CurrentVersion\AppModel\Deployment\Package\*\S-1-5-19\{06C443E0-9747-4F4D-A792-5DA91420829B},MACHINE\SOFTWARE\Classes\Local Settings\Software\Microsoft\Windows\CurrentVersion\AppModel\Deployment\Package\*\S-1-5-19\{06C443E0-9747-4F4D-A792-5DA91420829B},,Registry Modified Alert,,,,,,,,,,,,,,,,,,,,,,laptop,CLWO007,windows,Windows 11 Pro,22621,f25c1ccd-5039-4dcf-812e-79a2aede6358,23.1.2.400,1730979466865875730,false,true,false,laptop,CLWO007,windows,f25c1ccd-5039-4dcf-812e-79a2aede6358,1733950286218943809,Undefined,"7/21/2023, 9:29:26.013 AM",01H5VWGETNMQH8KV3ZCDJ3MC2A_329,REGKEYDELETE,Events,Unresolved,true,"7/21/2023, 9:29:41.735 AM",STAR,"7/21/2023, 9:29:41.735 AM",1733126240259591279,Registry Modified,1.0,events,"EventType = ""Registry Key Create"" OR EventType = ""Registry Value Create"" OR EventType = ""Registry Key Delete"" OR EventType = ""Registry Key Rename"" OR EventType = ""Registry Key Security Changed"" OR EventType = ""Registry Value Delete"" OR EventType = ""Registry Value Modified"" OR EventType = ""Task Register"" OR EventType = ""Registry Key Export"" OR EventType = ""Registry Key Import"" OR EventType = ""Registry Value Create""",site,Low,UNDEFINED,C:\Windows\system32\services.exe,68483e45-9f55-5389-ad8b-a6424bbaf42f,16d12a866c716390af9ca4d87bd7674d6e478f42,4a12143226b7090d6e9bb8d040618a2c7a9ef5282f7cc10fa374adc9ab19cbeb,C:\Windows\System32\services.exe,MICROSOFT WINDOWS PUBLISHER,system,services.exe,8,"7/17/2023, 10:22:46.739 AM",433C0EF580778F51,sys_win32,423C0EF580778F51,NT AUTHORITY\SYSTEM,C:\Windows\system32\svchost.exe -k wsappx -p -s AppXSvc,8ec922c7-a58a-8701-ab48-1b7be9644536,3f64c98f22da277a07cab248c44c56eedb796a81,949bfb5b4c7d58d92f3f9c5f8ec7ca4ceaffd10ec5f0020f0a987c472d61c54b,C:\Windows\System32\svchost.exe,MICROSOFT WINDOWS,system,svchost.exe,11236,"7/21/2023, 9:28:28.316 AM",AD9F12F580778F51,sys_win32,AC9F12F580778F51,NT AUTHORITY\SYSTEM,"1/1/1970, 12:00:00.000 AM",,,,signed,"1/1/1970, 12:00:00.000 AM",,unknown,"1/1/1970, 12:00:00.000 AM",,,,,,,,,,,,,,1712500237934148927,,,,,,,,,,,,,,,,1712500242422055104,,,,,,,,,,,,,,,,,,,,,,,,,,,,,,,,,,,,,,,,,,,,,,,,,,,,,,,,,,,,,,,,,,,,,,,,,,,,,,,,,,,,,,,,,,Alerts.,,,,,,,,,,,,,,,,,,,,,,,,,,,,,,,,,,,,,,,,,,,,,,,,,,,,,,,,,,,,,,,,,,,,,,,,SentinelOne_CL,
1a0e2567-2e58-4989-ad18-206108185325,RestAPI,,,"7/21/2023, 8:40:04.319 AM",,,,,,,,,,,,,,,,,,,MACHINE\SOFTWARE\Classes\Local Settings\Software\Microsoft\Windows\CurrentVersion\AppModel\Deployment\Package\*\S-1-5-19,MACHINE\SOFTWARE\Classes\Local Settings\Software\Microsoft\Windows\CurrentVersion\AppModel\Deployment\Package\*\S-1-5-19,,Registry Modified Alert,,,,,,,,,,,,,,,,,,,,,,laptop,CLWO007,windows,Windows 11 Pro,22621,f25c1ccd-5039-4dcf-812e-79a2aede6358,23.1.2.400,1730979466865875730,false,true,false,laptop,CLWO007,windows,f25c1ccd-5039-4dcf-812e-79a2aede6358,1733918183583034878,Undefined,"7/21/2023, 8:25:42.484 AM",01H5VRVRKTSAKG13GTVNQHJ1TZ_287,REGKEYDELETE,Events,Unresolved,true,"7/21/2023, 8:25:54.805 AM",STAR,"7/21/2023, 8:25:54.805 AM",1733126240259591279,Registry Modified,1.0,events,"EventType = ""Registry Key Create"" OR EventType = ""Registry Value Create"" OR EventType = ""Registry Key Delete"" OR EventType = ""Registry Key Rename"" OR EventType = ""Registry Key Security Changed"" OR EventType = ""Registry Value Delete"" OR EventType = ""Registry Value Modified"" OR EventType = ""Task Register"" OR EventType = ""Registry Key Export"" OR EventType = ""Registry Key Import"" OR EventType = ""Registry Value Create""",site,Low,UNDEFINED,C:\Windows\system32\services.exe,68483e45-9f55-5389-ad8b-a6424bbaf42f,16d12a866c716390af9ca4d87bd7674d6e478f42,4a12143226b7090d6e9bb8d040618a2c7a9ef5282f7cc10fa374adc9ab19cbeb,C:\Windows\System32\services.exe,MICROSOFT WINDOWS PUBLISHER,system,services.exe,8,"7/17/2023, 10:22:46.739 AM",433C0EF580778F51,sys_win32,423C0EF580778F51,NT AUTHORITY\SYSTEM,C:\Windows\system32\svchost.exe -k wsappx -p -s AppXSvc,8ec922c7-a58a-8701-ab48-1b7be9644536,3f64c98f22da277a07cab248c44c56eedb796a81,949bfb5b4c7d58d92f3f9c5f8ec7ca4ceaffd10ec5f0020f0a987c472d61c54b,C:\Windows\System32\svchost.exe,MICROSOFT WINDOWS,system,svchost.exe,14280,"7/21/2023, 6:25:57.043 AM",859512F580778F51,sys_win32,849512F580778F51,NT AUTHORITY\SYSTEM,"1/1/1970, 12:00:00.000 AM",,,,signed,"1/1/1970, 12:00:00.000 AM",,unknown,"1/1/1970, 12:00:00.000 AM",,,,,,,,,,,,,,1712500237934148927,,,,,,,,,,,,,,,,1712500242422055104,,,,,,,,,,,,,,,,,,,,,,,,,,,,,,,,,,,,,,,,,,,,,,,,,,,,,,,,,,,,,,,,,,,,,,,,,,,,,,,,,,,,,,,,,,Alerts.,,,,,,,,,,,,,,,,,,,,,,,,,,,,,,,,,,,,,,,,,,,,,,,,,,,,,,,,,,,,,,,,,,,,,,,,SentinelOne_CL,
1a0e2567-2e58-4989-ad18-206108185325,RestAPI,,,"7/21/2023, 8:40:04.319 AM",,,,,,,,,,,,,,,,,,,MACHINE\SOFTWARE\Classes\Local Settings\Software\Microsoft\Windows\CurrentVersion\AppModel\Deployment\Package\*\S-1-5-19\{07E81A47-8011-48EE-B862-5478381C98C9},MACHINE\SOFTWARE\Classes\Local Settings\Software\Microsoft\Windows\CurrentVersion\AppModel\Deployment\Package\*\S-1-5-19\{07E81A47-8011-48EE-B862-5478381C98C9},,Registry Modified Alert,,,,,,,,,,,,,,,,,,,,,,laptop,CLWO007,windows,Windows 11 Pro,22621,f25c1ccd-5039-4dcf-812e-79a2aede6358,23.1.2.400,1730979466865875730,false,true,false,laptop,CLWO007,windows,f25c1ccd-5039-4dcf-812e-79a2aede6358,1733918300872566400,Undefined,"7/21/2023, 8:25:56.255 AM",01H5VRWD4CS22TWYKBDHABA5BX_46,REGKEYDELETE,Events,Unresolved,true,"7/21/2023, 8:26:08.786 AM",STAR,"7/21/2023, 8:26:08.786 AM",1733126240259591279,Registry Modified,1.0,events,"EventType = ""Registry Key Create"" OR EventType = ""Registry Value Create"" OR EventType = ""Registry Key Delete"" OR EventType = ""Registry Key Rename"" OR EventType = ""Registry Key Security Changed"" OR EventType = ""Registry Value Delete"" OR EventType = ""Registry Value Modified"" OR EventType = ""Task Register"" OR EventType = ""Registry Key Export"" OR EventType = ""Registry Key Import"" OR EventType = ""Registry Value Create""",site,Low,UNDEFINED,C:\Windows\system32\services.exe,68483e45-9f55-5389-ad8b-a6424bbaf42f,16d12a866c716390af9ca4d87bd7674d6e478f42,4a12143226b7090d6e9bb8d040618a2c7a9ef5282f7cc10fa374adc9ab19cbeb,C:\Windows\System32\services.exe,MICROSOFT WINDOWS PUBLISHER,system,services.exe,8,"7/17/2023, 10:22:46.739 AM",433C0EF580778F51,sys_win32,423C0EF580778F51,NT AUTHORITY\SYSTEM,C:\Windows\system32\svchost.exe -k wsappx -p -s AppXSvc,8ec922c7-a58a-8701-ab48-1b7be9644536,3f64c98f22da277a07cab248c44c56eedb796a81,949bfb5b4c7d58d92f3f9c5f8ec7ca4ceaffd10ec5f0020f0a987c472d61c54b,C:\Windows\System32\svchost.exe,MICROSOFT WINDOWS,system,svchost.exe,15152,"7/21/2023, 8:19:53.306 AM",7E9912F580778F51,sys_win32,7D9912F580778F51,NT AUTHORITY\SYSTEM,"1/1/1970, 12:00:00.000 AM",,,,signed,"1/1/1970, 12:00:00.000 AM",,unknown,"1/1/1970, 12:00:00.000 AM",,,,,,,,,,,,,,1712500237934148927,,,,,,,,,,,,,,,,1712500242422055104,,,,,,,,,,,,,,,,,,,,,,,,,,,,,,,,,,,,,,,,,,,,,,,,,,,,,,,,,,,,,,,,,,,,,,,,,,,,,,,,,,,,,,,,,,Alerts.,,,,,,,,,,,,,,,,,,,,,,,,,,,,,,,,,,,,,,,,,,,,,,,,,,,,,,,,,,,,,,,,,,,,,,,,SentinelOne_CL,
1a0e2567-2e58-4989-ad18-206108185325,RestAPI,,,"7/21/2023, 8:40:04.366 AM",,,,,,,,,,,,,,,,,,,MACHINE\SOFTWARE\Classes\Local Settings\Software\Microsoft\Windows\CurrentVersion\AppModel\Deployment\Package\*\S-1-5-19\{C890C6C8-DF70-476B-A7A3-2CB1D0F77DDA},MACHINE\SOFTWARE\Classes\Local Settings\Software\Microsoft\Windows\CurrentVersion\AppModel\Deployment\Package\*\S-1-5-19\{C890C6C8-DF70-476B-A7A3-2CB1D0F77DDA},,Registry Modified Alert,,,,,,,,,,,,,,,,,,,,,,laptop,CLWO007,windows,Windows 11 Pro,22621,f25c1ccd-5039-4dcf-812e-79a2aede6358,23.1.2.400,1730979466865875730,false,true,false,laptop,CLWO007,windows,f25c1ccd-5039-4dcf-812e-79a2aede6358,1733918320736792952,Undefined,"7/21/2023, 8:25:55.191 AM",01H5VRW6M6TNCJRT5RZ12N71XM_32,REGKEYDELETE,Events,Unresolved,true,"7/21/2023, 8:26:11.154 AM",STAR,"7/21/2023, 8:26:11.154 AM",1733126240259591279,Registry Modified,1.0,events,"EventType = ""Registry Key Create"" OR EventType = ""Registry Value Create"" OR EventType = ""Registry Key Delete"" OR EventType = ""Registry Key Rename"" OR EventType = ""Registry Key Security Changed"" OR EventType = ""Registry Value Delete"" OR EventType = ""Registry Value Modified"" OR EventType = ""Task Register"" OR EventType = ""Registry Key Export"" OR EventType = ""Registry Key Import"" OR EventType = ""Registry Value Create""",site,Low,UNDEFINED,C:\Windows\system32\services.exe,68483e45-9f55-5389-ad8b-a6424bbaf42f,16d12a866c716390af9ca4d87bd7674d6e478f42,4a12143226b7090d6e9bb8d040618a2c7a9ef5282f7cc10fa374adc9ab19cbeb,C:\Windows\System32\services.exe,MICROSOFT WINDOWS PUBLISHER,system,services.exe,8,"7/17/2023, 10:22:46.739 AM",433C0EF580778F51,sys_win32,423C0EF580778F51,NT AUTHORITY\SYSTEM,C:\Windows\system32\svchost.exe -k wsappx -p -s AppXSvc,8ec922c7-a58a-8701-ab48-1b7be9644536,3f64c98f22da277a07cab248c44c56eedb796a81,949bfb5b4c7d58d92f3f9c5f8ec7ca4ceaffd10ec5f0020f0a987c472d61c54b,C:\Windows\System32\svchost.exe,MICROSOFT WINDOWS,system,svchost.exe,16652,"7/21/2023, 6:59:28.192 AM",B99812F580778F51,sys_win32,B89812F580778F51,NT AUTHORITY\SYSTEM,"1/1/1970, 12:00:00.000 AM",,,,signed,"1/1/1970, 12:00:00.000 AM",,unknown,"1/1/1970, 12:00:00.000 AM",,,,,,,,,,,,,,1712500237934148927,,,,,,,,,,,,,,,,1712500242422055104,,,,,,,,,,,,,,,,,,,,,,,,,,,,,,,,,,,,,,,,,,,,,,,,,,,,,,,,,,,,,,,,,,,,,,,,,,,,,,,,,,,,,,,,,,Alerts.,,,,,,,,,,,,,,,,,,,,,,,,,,,,,,,,,,,,,,,,,,,,,,,,,,,,,,,,,,,,,,,,,,,,,,,,SentinelOne_CL,