TenantId,"TimeGenerated [UTC]",DeviceVendor,DeviceProduct,DeviceVersion,DeviceEventClassID,Activity,LogSeverity,OriginalLogSeverity,AdditionalExtensions,DeviceAction,ApplicationProtocol,EventCount,DestinationDnsDomain,DestinationServiceName,DestinationTranslatedAddress,DestinationTranslatedPort,CommunicationDirection,DeviceDnsDomain,DeviceExternalID,DeviceFacility,DeviceInboundInterface,DeviceNtDomain,DeviceOutboundInterface,DevicePayloadId,ProcessName,DeviceTranslatedAddress,DestinationHostName,DestinationMACAddress,DestinationNTDomain,DestinationProcessId,DestinationUserPrivileges,DestinationProcessName,DestinationPort,DestinationIP,DeviceTimeZone,DestinationUserID,DestinationUserName,DeviceAddress,DeviceName,DeviceMacAddress,ProcessID,"EndTime [UTC]",ExternalID,FileCreateTime,FileHash,FileID,FileModificationTime,FilePath,FilePermission,FileType,FileName,FileSize,ReceivedBytes,Message,OldFileCreateTime,OldFileHash,OldFileID,OldFileModificationTime,OldFileName,OldFilePath,OldFilePermission,OldFileSize,OldFileType,SentBytes,Protocol,RequestURL,RequestClientApplication,RequestContext,RequestCookies,RequestMethod,ReceiptTime,SourceHostName,SourceMACAddress,SourceNTDomain,SourceDnsDomain,SourceServiceName,SourceTranslatedAddress,SourceTranslatedPort,SourceProcessId,SourceUserPrivileges,SourceProcessName,SourcePort,SourceIP,"StartTime [UTC]",SourceUserID,SourceUserName,EventType,DeviceCustomIPv6Address1,DeviceCustomIPv6Address1Label,DeviceCustomIPv6Address2,DeviceCustomIPv6Address2Label,DeviceCustomIPv6Address3,DeviceCustomIPv6Address3Label,DeviceCustomIPv6Address4,DeviceCustomIPv6Address4Label,DeviceCustomFloatingPoint1,DeviceCustomFloatingPoint1Label,DeviceCustomFloatingPoint2,DeviceCustomFloatingPoint2Label,DeviceCustomFloatingPoint3,DeviceCustomFloatingPoint3Label,DeviceCustomFloatingPoint4,DeviceCustomFloatingPoint4Label,DeviceCustomNumber1,DeviceCustomNumber1Label,DeviceCustomNumber2,DeviceCustomNumber2Label,DeviceCustomNumber3,DeviceCustomNumber3Label,DeviceCustomString1,DeviceCustomString1Label,DeviceCustomString2,DeviceCustomString2Label,DeviceCustomString3,DeviceCustomString3Label,DeviceCustomString4,DeviceCustomString4Label,DeviceCustomString5,DeviceCustomString5Label,DeviceCustomString6,DeviceCustomString6Label,DeviceCustomDate1,DeviceCustomDate1Label,DeviceCustomDate2,DeviceCustomDate2Label,FlexDate1,FlexDate1Label,FlexNumber1,FlexNumber1Label,FlexNumber2,FlexNumber2Label,FlexString1,FlexString1Label,FlexString2,FlexString2Label,RemoteIP,RemotePort,MaliciousIP,ThreatSeverity,IndicatorThreatType,ThreatDescription,ThreatConfidence,ReportReferenceLink,MaliciousIPLongitude,MaliciousIPLatitude,MaliciousIPCountry,Computer,SourceSystem,SimplifiedDeviceAction,Type,"_ResourceId"
"be1df915-9930-4b13-a274-11302c40aba5","8/26/2022, 9:48:51.467 AM","F-Secure","Computer Protection Premium and EDR",,"webTrafficScanning.blocked","Web Traffic Scanning event",4,,"accountName=some-comp;details_alertType=web_traffic_scanning.content_type.block;details_clientTimestamp=1661507240000;details_url=hxxp://unrated.fstestdomain.com;details_hostIpAddress=10.133.3.197/22;details_profileName=ext-radzma2-company-2-profile;details_userName=DESKTOP-UCETTHQ\\gtn-user;details_contentType=application/x-msdos-program;details_process=C:\\Program Files (x86)\\Google\\Chrome\\Application\\chrome.exe;details_profileVersion=1591102700;details_profileId=20453148",blocked,,,,,,,,,,,,,,,,,,,,,,,,,,,,,,,,,,,,,,,,,,,,"The web page ""hxxp://unrated.fstestdomain.com"" accessed by ""chrome.exe"" was blocked due to content type restrictions",,,,,,,,,,,,,,,,,,xhFKRWFRmqT3DWU,,,,,,,,,,,,,,"DESKTOP-UCETTHQ\\gtn-user",,,,,,,,,,,,,,,,,,,,,,,,"hxxp://unrated.fstestdomain.com","Infected object","chrome.exe",Malware,,,,,,,,,,,,,,,,,,,,,,,,,,,,,,,,,,"127.0.0.1",OpsManager,blocked,CommonSecurityLog,
"be1df915-9930-4b13-a274-11302c40aba5","8/26/2022, 9:48:51.521 AM","F-Secure","Computer Protection Premium and EDR",,"browsingProtection.blocked","Browsing Protection event",4,,"accountName=some-comp;details_alertType=online_safety.denied_page.block;details_clientTimestamp=1661507240000;details_url=denied.com;details_hostIpAddress=10.133.2.189/22;details_profileName=kimean-tests;details_reason=WF_Denied;details_userName=DESKTOP-OSI09NE\\gtn-user;details_process=chrome.exe;details_profileVersion=1593756003;details_profileId=18191988",,,,,,,,,,,,,,,,,,,,,,,,,,,,,,,,,,,,,,,,,,,,,"Webpage was blocked due to domain name being blocked",,,,,,,,,,,,,,,,,,xhFKRWFRmqT3DWU,,,,,,,,,,,,,,"DESKTOP-OSI09NE\\gtn-user",,,,,,,,,,,,,,,,,,,,,,,,,,,,,,,,,,,,,,,,,,,,,,,,,,,,,,,,,,,,,"127.0.0.1",OpsManager,,CommonSecurityLog,
"be1df915-9930-4b13-a274-11302c40aba5","8/26/2022, 9:48:51.521 AM","F-Secure","Computer Protection Premium and EDR",,"tamperProtection.blocked","Tamper Protection event",4,,"details_initiator=C:\\Program Files\\CCleaner\\CCleaner64.exe;accountName=some-comp;details_actionType=uninstall;details_alertType=tamper_protection.uninstall.block;details_initiator_hash=sha1;details_clientTimestamp=1661507240000;details_ipAddress=192.168.12.33/8;details_command=msiexec.exe /X{CCFF4D01-D56D-4B52-8583-4D1923B617AC}",,,,,,,,,,,,,,,,,,,,,,,,,,,,,,,,,,,,,,,,,,,,,"""CCleaner64.exe"" was blocked from uninstalling the product",,,,,,,,,,,,,,,,,,xhFKRWFRmqT3DWU,,,,,,,,,,,,,,,,,,,,,,,,,,,,,,,,,,,,,,,,,,,,,,,,,,,,,,,,,,,,,,,,,,,,,,,,,,,"127.0.0.1",OpsManager,,CommonSecurityLog,
"be1df915-9930-4b13-a274-11302c40aba5","8/26/2022, 9:48:51.521 AM","F-Secure","Computer Protection Premium and EDR",,"integrityChecker.none","Integrity Checker event",10,,"accountName=some-comp;details_processId=80263;details_processPath=/usr/bin/bash;details_alertType=integrity_protection.process_modifying_file;details_clientTimestamp=1661507240000;details_path=/root/test_env/modified.txt",,,,,,,,,,,,,,,,,,,,,,,,,,,,,,,,,,,,,,,,,,,,,"N/A",,,,,,,,,,,,,,,,,,xhFKRWFRmqT3DWU,,,,,,,,,,,,,,,,,,,,,,,,,,,,,,,,,,,,,,,,,,,,,,,,,,,,,,,,,,,,,,,,,,,,,,,,,,,"127.0.0.1",OpsManager,,CommonSecurityLog,
"be1df915-9930-4b13-a274-11302c40aba5","8/26/2022, 9:48:51.522 AM","F-Secure","Computer Protection Premium and EDR",,"dataGuard.none","DataGuard event",1,,"accountName=some-comp;details_userName=alertsDevice\\user;details_alertType=access_control.file.reported;details_targetData=D:\\aUoV1.exe;details_clientTimestamp=1661507240000;details_filePath=C:\\vouHj\\blockedFile.exe",,,,,,,,,,,,,,,,,,,,,,,,,,,,,,,,,,,,,,,,,,,,,"DataGuard reported access to ""aUoV1.exe""",,,,,,,,,,,,,,,,,,xhFKRWFRmqT3DWU,,,,,,,,,,,,,,"alertsDevice\\user",,,,,,,,,,,,,,,,,,,,,,,,,,,,,,,,,,,,,,,,,,,,,,,,,,,,,,,,,,,,,"127.0.0.1",OpsManager,,CommonSecurityLog,
"be1df915-9930-4b13-a274-11302c40aba5","8/26/2022, 9:48:51.522 AM","F-Secure","Computer Protection Premium and EDR",,"integrityChecker.allow","Integrity Checker event",1,,"accountName=some-comp;details_alertType=integrity_protection.file_modified;details_clientTimestamp=1661507240000;details_action=allow;details_path=/root/test_env/file.txt",,,,,,,,,,,,,,,,,,,,,,,,,,,,,,,,,,,,,,,,,,,,,"N/A",,,,,,,,,,,,,,,,,,xhFKRWFRmqT3DWU,,,,,,,,,,,,,,,,,,,,,,,,,,,,,,,,,,,,,,,,,,,,,,,,,,,,,,,,,,,,,,,,,,,,,,,,,,,"127.0.0.1",OpsManager,,CommonSecurityLog,
"be1df915-9930-4b13-a274-11302c40aba5","8/26/2022, 9:48:51.522 AM","F-Secure","Computer Protection Premium and EDR",,"webContentControl.blocked","Web Content Control event",4,,"accountName=some-comp;details_alertType=online_safety.category_page.block;details_clientTimestamp=1661507240000;details_hostIpAddress=10.133.2.189/22;details_profileName=kimean-tests;details_reason=WF_Category;details_userName=DESKTOP-OSI09NE\\gtn-user;details_categories=social_networking;details_process=chrome.exe;details_profileVersion=1594027281;details_profileId=18191988",,,,,,,,,,,,,,,,,,,,,,,,,,,,,,,,,,,,,,,,,,,,,"Web content control blocked webpage due to category ""social_networking"" being disallowed",,,,,,,,,,,,,,,,,,xhFKRWFRmqT3DWU,,,,,,,,,,,,,,"DESKTOP-OSI09NE\\gtn-user",,,,,,,,,,,,,,,,,,,,,,,,,,,,,,,,,,,,,,,,,,,,,,,,,,,,,,,,,,,,,"127.0.0.1",OpsManager,,CommonSecurityLog,
"be1df915-9930-4b13-a274-11302c40aba5","8/26/2022, 9:48:51.522 AM","F-Secure","Computer Protection Premium and EDR",,"tamperProtection.blocked","Tamper Protection event",4,,"details_initiator=initiator_path;details_requestType=reg_delete_key;accountName=some-comp;details_actionType=registry;details_alertType=tamper_protection.registry.block;details_clientTimestamp=1661507240000;details_ipAddress=192.168.12.33/8;details_path=HKLM\\Software\\F-Secure",,,,,,,,,,,,,,,,,,,,,,,,,,,,,,,,,,,,,,,,,,,,,"""initiator_path"" was blocked from deleting a key at ""HKLM\\Software\\F-Secure""",,,,,,,,,,,,,,,,,,xhFKRWFRmqT3DWU,,,,,,,,,,,,,,,,,,,,,,,,,,,,,,,,,,,,,,,,,,,,,,,,,,,,,,,,,,,,,,,,,,,,,,,,,,,"127.0.0.1",OpsManager,,CommonSecurityLog,
"be1df915-9930-4b13-a274-11302c40aba5","8/26/2022, 9:48:51.522 AM","F-Secure","Computer Protection Premium and EDR",,"integrityChecker.none","Integrity Checker event",10,,"accountName=some-comp;details_processId=80263;details_alertType=integrity_protection.process_modifying_file;details_clientTimestamp=1661507240000;details_path=/root/test_env/modified.txt",,,,,,,,,,,,,,,,,,,,,,,,,,,,,,,,,,,,,,,,,,,,,"N/A",,,,,,,,,,,,,,,,,,xhFKRWFRmqT3DWU,,,,,,,,,,,,,,,,,,,,,,,,,,,,,,,,,,,,,,,,,,,,,,,,,,,,,,,,,,,,,,,,,,,,,,,,,,,"127.0.0.1",OpsManager,,CommonSecurityLog,
"be1df915-9930-4b13-a274-11302c40aba5","8/26/2022, 9:48:51.522 AM","F-Secure","Computer Protection Premium and EDR",,"tamperProtection.blocked","Tamper Protection event",4,,"accountName=some-comp;details_actionType=service;details_alertType=tamper_protection.service.block;details_service=fshoster;details_clientTimestamp=1661507240000;details_ipAddress=192.168.12.33/8;details_command=net stop fshoster",,,,,,,,,,,,,,,,,,,,,,,,,,,,,,,,,,,,,,,,,,,,,"Service ""fshoster"" was blocked from stop",,,,,,,,,,,,,,,,,,xhFKRWFRmqT3DWU,,,,,,,,,,,,,,,,,,,,,,,,,,,,,,,,,,,,,,,,,,,,,,,,,,,,,,,,,,,,,,,,,,,,,,,,,,,"127.0.0.1",OpsManager,,CommonSecurityLog,
"be1df915-9930-4b13-a274-11302c40aba5","8/26/2022, 9:48:51.522 AM","F-Secure","Computer Protection Premium and EDR",,"connectionControl.blocked","Network connection event",1,,"details_port=22;accountName=some-comp;details_alertType=connection_control.connection.block;details_clientTimestamp=1661507240000;details_direction=out;details_hostIpAddress=10.133.3.197/22;details_ip=52.85.47.88;details_userName=DESKTOP-UCETTHQ\\gtn-user;details_process=plink.exe;details_profileVersion=1591102700;details_profileId=20453140",,,,,,,,,,,,,,,,,,,,,,,,,,,,,,,,,,,,,,,,,,,,,"Network connection is blocked by Connection control. Blocked process: ""plink.exe""",,,,,,,,,,,,,,,,,,xhFKRWFRmqT3DWU,,,,,,,,,,,,,,"DESKTOP-UCETTHQ\\gtn-user",,,,,,,,,,,,,,,,,,,,,,,,,,,,,,,,,,,,,,,,,,,,,,,,,,,,,,,,,,,,,"127.0.0.1",OpsManager,,CommonSecurityLog,
"be1df915-9930-4b13-a274-11302c40aba5","8/26/2022, 9:48:51.522 AM","F-Secure","Computer Protection Premium and EDR",,"applicationControl.blocked","Application Control event",4,,"details_installerPath=C:\\Users\\name\\AppData\\Local\\Temp\\Temp1_B-RISK-2019-03 (1).zip\\setup.msi;accountName=some-comp;details_alertType=application_control.installation_start.block;details_ruleId=00000000000000000000000000000000;details_clientTimestamp=1661507240000;details_ruleEvent=installation_start;details_hostIpAddress=10.133.2.189/22;details_ruleName=Default block rule;details_profileName=kimean-tests;details_targetSha1=5d6102f5a170e982c7735bfc2b9c1a0a0d435fd1;details_userName=LAZARUS\\gtn-user;details_targetPath=C:\\Windows\\System32\\msiexec.exe;details_profileVersion=1596189057;details_installerSubject=Test MSI;details_profileId=18191988",,,,,,,,,,,,,,,,,,,,,,,,,,,,,,,,,,,,,,,,,,,,,"Application Control blocked installation_start of ""C:\\Windows\\System32\\msiexec.exe"" based on rule ""Default block rule""",,,,,,,,,,,,,,,,,,xhFKRWFRmqT3DWU,,,,,,,,,,,,,,"LAZARUS\\gtn-user",,,,,,,,,,,,,,,,,,,,,,,,,,,,,,,,,,,,,,,,,,,,,,,,,,,,,,,,,,,,,"127.0.0.1",OpsManager,,CommonSecurityLog,
"be1df915-9930-4b13-a274-11302c40aba5","8/26/2022, 9:48:51.523 AM","F-Secure","Computer Protection Premium and EDR",,"manualScanning.quarantined","Manual Scanning event",4,,"accountName=some-comp;details_alertType=spyware;details_fileScanningType=spyware;details_clientTimestamp=1661507240000;details_filePath=C:\\Users\\gtn-user\\Downloads\\f8.exe;details_hostIpAddress=10.133.2.71/22;details_profileName=test-on-demand-scanning;details_quarantineId=123123123;details_name=Spyware:W32/F-Secure_testfile.A;details_userName=DESKTOP-4B74U46\\gtn-user;details_alertSource=sp.evt.ods.alert;details_profileVersion=1602506030;details_profileId=24780194",quarantined,,,,,,,,,,,,,,,,,,,,,,,,,,,,,,,,,,,,,,,,,,,,"""Spyware:W32/F-Secure_testfile.A"" was detected on accessing ""f8.exe"" and it was quarantined",,,,,,,,,,,,,,,,,,xhFKRWFRmqT3DWU,,,,,,,,,,,,,,"DESKTOP-4B74U46\\gtn-user",,,,,,,,,,,,,,,,,,,,,,,,"C:\\Users\\gtn-user\\Downloads\\f8.exe","Infected object","Spyware:W32/F-Secure_testfile.A",Malware,,,,,,,,,,,,,,,,,,,,,,,,,,,,,,,,,,"127.0.0.1",OpsManager,quarantined,CommonSecurityLog,
"be1df915-9930-4b13-a274-11302c40aba5","8/26/2022, 9:48:51.523 AM","F-Secure","Computer Protection Premium and EDR",,"setting.reported","Setting event",1,,"accountName=some-comp;details_alertType=product.setting.changed;details_clientTimestamp=1661507240000;details_hostIpAddress=10.61.40.100/22;details_restoreTimestamp=519951324900;details_isRemoteChange=false;details_profileName=TA_TEST_2;details_newValue=false;details_userName=ta_tujrstm7300\\tadmin;details_settingName=windows.realtime_scanning.scanning_enabled;details_oldValue=true;details_profileVersion=1628068587;details_profileId=910739",,,,,,,,,,,,,,,,,,,,,,,,,,,,,,,,,,,,,,,,,,,,,"Real-time scanning was turned off",,,,,,,,,,,,,,,,,,xhFKRWFRmqT3DWU,,,,,,,,,,,,,,"ta_tujrstm7300\\tadmin",,,,,,,,,,,,,,,,,,,,,,,,,,,,,,,,,,,,,,,,,,,,,,,,,,,,,,,,,,,,,"127.0.0.1",OpsManager,,CommonSecurityLog,
"be1df915-9930-4b13-a274-11302c40aba5","8/26/2022, 9:48:51.523 AM","F-Secure","Computer Protection Premium and EDR",,"manualScanning.deleted","Manual Scanning event",4,,"accountName=some-comp;details_alertType=on_demand_scanner.spyware.delete;details_fileScanningType=spyware;details_clientTimestamp=1661507240000;details_infectionName=EICAR_Test_File;details_path=/root/eicar.com.malware",deleted,,,,,,,,,,,,,,,,,,,,,,,,,,,,,,,,,,,,,,,,,,,,"""EICAR_Test_File"" was detected on accessing ""eicar.com.malware"" and it was deleted",,,,,,,,,,,,,,,,,,xhFKRWFRmqT3DWU,,,,,,,,,,,,,,,,,,,,,,,,,,,,,,,,,,,,,,"/root/eicar.com.malware","Infected object","EICAR_Test_File",Malware,,,,,,,,,,,,,,,,,,,,,,,,,,,,,,,,,,"127.0.0.1",OpsManager,deleted,CommonSecurityLog,
"be1df915-9930-4b13-a274-11302c40aba5","8/26/2022, 9:48:51.523 AM","F-Secure","Computer Protection Premium and EDR",,"browsingProtection.blocked","Browsing Protection event",4,,"details_reason=BP_Harmful;accountName=some-comp;details_alertType=online_safety.page.block;details_categories=alcoholAndTobacco,gambling;details_clientTimestamp=1661507240000;details_url=harmful.com",,,,,,,,,,,,,,,,,,,,,,,,,,,,,,,,,,,,,,,,,,,,,"Action: ""Blocked""  Subject: """"",,,,,,,,,,,,,,,,,,xhFKRWFRmqT3DWU,,,,,,,,,,,,,,,,,,,,,,,,,,,,,,,,,,,,,,,,,,,,,,,,,,,,,,,,,,,,,,,,,,,,,,,,,,,"127.0.0.1",OpsManager,,CommonSecurityLog,
"be1df915-9930-4b13-a274-11302c40aba5","8/26/2022, 9:48:51.523 AM","F-Secure","Computer Protection Premium and EDR",,"applicationControl.blocked","Application Control event",4,,"details_parentPath=C:\\Windows\\System32\\notepad.exe;accountName=some-comp;details_alertType=application_control.file_access.block;details_ruleId=6b324d95-80e5-4929-8970-4f75740adbb8;details_clientTimestamp=1661507240000;details_parentPrevalence=100;details_ruleEvent=file_access;details_hostIpAddress=10.133.2.189/22;details_ruleName=file access test;details_parentReputation=0;details_targetPrevalence=0;details_profileName=kimean-tests;details_targetSha1=0a0a9f2a6772942557ab5355d76af442f8f65e01;details_userName=LAZARUS\\gtn-user;details_targetPath=C:\\Users\\gtn-user\\protected_document.txt;details_targetReputation=101;details_profileVersion=1596189057;details_profileId=18191988",,,,,,,,,,,,,,,,,,,,,,,,,,,,,,,,,,,,,,,,,,,,,"Application Control blocked file_access of ""C:\\Users\\gtn-user\\protected_document.txt"" based on rule ""file access test""",,,,,,,,,,,,,,,,,,xhFKRWFRmqT3DWU,,,,,,,,,,,,,,"LAZARUS\\gtn-user",,,,,,,,,,,,,,,,,,,,,,,,,,,,,,,,,,,,,,,,,,,,,,,,,,,,,,,,,,,,,"127.0.0.1",OpsManager,,CommonSecurityLog,
"be1df915-9930-4b13-a274-11302c40aba5","8/26/2022, 9:48:51.526 AM","F-Secure","Computer Protection Premium and EDR",,"dataGuard.blocked","DataGuard event",4,,"accountName=some-comp;details_userName=alertsDevice\\user;details_targetData=D:\\aUoV1.exe;details_clientTimestamp=1661507240000;details_filePath=C:\\vouHj\\blockedFile.exe",,,,,,,,,,,,,,,,,,,,,,,,,,,,,,,,,,,,,,,,,,,,,"DataGuard blocked access to ""aUoV1.exe""",,,,,,,,,,,,,,,,,,xhFKRWFRmqT3DWU,,,,,,,,,,,,,,"alertsDevice\\user",,,,,,,,,,,,,,,,,,,,,,,,,,,,,,,,,,,,,,,,,,,,,,,,,,,,,,,,,,,,,"127.0.0.1",OpsManager,,CommonSecurityLog,
"be1df915-9930-4b13-a274-11302c40aba5","8/26/2022, 9:48:51.526 AM","F-Secure","Computer Protection Premium and EDR",,"integrityChecker.deny","Integrity Checker event",10,,"accountName=some-comp;details_alertType=integrity_protection.file_modified;details_clientTimestamp=1661507240000;details_action=deny;details_path=/root/test_env/file.txt",,,,,,,,,,,,,,,,,,,,,,,,,,,,,,,,,,,,,,,,,,,,,"N/A",,,,,,,,,,,,,,,,,,xhFKRWFRmqT3DWU,,,,,,,,,,,,,,,,,,,,,,,,,,,,,,,,,,,,,,,,,,,,,,,,,,,,,,,,,,,,,,,,,,,,,,,,,,,"127.0.0.1",OpsManager,,CommonSecurityLog,
"be1df915-9930-4b13-a274-11302c40aba5","8/26/2022, 9:48:51.526 AM","F-Secure","Computer Protection Premium and EDR",,"applicationControl.none","Application Control event",10,,"accountName=some-comp;details_alertType=application_control.settings.error;details_ruleId=4764db2cebb242168f27d35008755103;details_clientTimestamp=1661507240000;details_ruleEvent=settings;details_hostIpAddress=10.133.2.220/22;details_ruleName=Block malicious files in Downloads folder;details_profileName=asdasdasd;details_userName=DESKTOP-2CBU00Q\\gtn-user;details_errorMessage=There is an error in a condition description for the Application Control rule. The rule is ignored.;details_profileVersion=1607343798;details_profileId=5091928",,,,,,,,,,,,,,,,,,,,,,,,,,,,,,,,,,,,,,,,,,,,,"Application Control ignored rule ""Block malicious files in Downloads folder""",,,,,,,,,,,,,,,,,,xhFKRWFRmqT3DWU,,,,,,,,,,,,,,"DESKTOP-2CBU00Q\\gtn-user",,,,,,,,,,,,,,,,,,,,,,,,,,,,,,,,,,,,,,,,,,,,,,,,,,,,,,,,,,,,,"127.0.0.1",OpsManager,,CommonSecurityLog,
"be1df915-9930-4b13-a274-11302c40aba5","8/26/2022, 9:48:51.526 AM","F-Secure","Computer Protection Premium and EDR",,"webTrafficScanning.blocked","Web Traffic Scanning event",4,,"details_computerName=DESKTOP-UCETTHQ;accountName=some-comp;details_clientTimestamp=1661507240000;details_filePath=\\\\?\\C:\\windows\\systemapps\\microsoft.microsoftedge_8wekyb3d8bbwe\\microsoftedgecp.exe;details_userPrincipalName=gtn-user@domain.com;details_profileName=ext-radzma2-company-2-profile;details_userName=DESKTOP-UCETTHQ\\gtn-user;details_websiteUrl=hxxp://www.gtn/test_samples/ransomware/r3testsample.exe;details_profileVersion=1590476237;details_profileId=20453148",blocked,,,,,,,,,,,,,,,,,,,,,,,,,,,,,,,,,,,,,,,,,,,,"The malicious web page ""hxxp://www.gtn/test_samples/ransomware/r3testsample.exe"" accessed by ""microsoftedgecp.exe"" was blocked",,,,,,,,,,,,,,,,,,xhFKRWFRmqT3DWU,,,,,,,,,,,,,,"DESKTOP-UCETTHQ\\gtn-user",,,,,,,,,,,,,,,,,,,,,,,,"hxxp://www.gtn/test_samples/ransomware/r3testsample.exe","Infected object","microsoftedgecp.exe",Malware,,,,,,,,,,,,,,,,,,,,,,,,,,,,,,,,,,"127.0.0.1",OpsManager,blocked,CommonSecurityLog,
"be1df915-9930-4b13-a274-11302c40aba5","8/26/2022, 9:48:51.526 AM","F-Secure","Computer Protection Premium and EDR",,"webTrafficScanning.blocked","Web Traffic Scanning event",4,,"accountName=some-comp;details_alertType=web_traffic_scanning.url.block;details_clientTimestamp=1661507240000;details_url=hxxp://unrated.fstestdomain.com;details_hostIpAddress=10.133.3.197/22;details_profileName=ext-radzma2-company-2-profile;details_userName=DESKTOP-UCETTHQ\\gtn-user;details_process=C:\\Program Files (x86)\\Google\\Chrome\\Application\\chrome.exe;details_profileVersion=1591102700;details_profileId=20453148;details_infectionName=EICAR Test File",blocked,,,,,,,,,,,,,,,,,,,,,,,,,,,,,,,,,,,,,,,,,,,,"The malicious web page ""hxxp://unrated.fstestdomain.com"" accessed by ""chrome.exe"" was blocked",,,,,,,,,,,,,,,,,,xhFKRWFRmqT3DWU,,,,,,,,,,,,,,"DESKTOP-UCETTHQ\\gtn-user",,,,,,,,,,,,,,,,,,,,,,,,"hxxp://unrated.fstestdomain.com","Infected object","chrome.exe",Malware,,,,,,,,,,,,,,,,,,,,,,,,,,,,,,,,,,"127.0.0.1",OpsManager,blocked,CommonSecurityLog,
"be1df915-9930-4b13-a274-11302c40aba5","8/26/2022, 9:48:51.526 AM","F-Secure","Computer Protection Premium and EDR",,"deepGuard.blocked","DeepGuard event",4,,"details_name=Rarity: 2, Reputation: 0;accountName=some-comp;details_userName=WIN-0EIO0V71FA8\\Administrator;details_alertType=file;details_clientTimestamp=1661507240000;details_filePath=C:\\Tr-DGr.exe;details_sha1=e17865289c80d63673b09124b5a50f2915599478",,,,,,,,,,,,,,,,,,,,,,,,,,,,,,,,,,,,,,,,,,,,,"Common file ""Tr-DGr.exe"" was blocked",,,,,,,,,,,,,,,,,,xhFKRWFRmqT3DWU,,,,,,,,,,,,,,"WIN-0EIO0V71FA8\\Administrator",,,,,,,,,,,,,,,,,,,,,,,,,,,,,,,,,,,,,,,,,,,,,,,,,,,,,,,,,,,,,"127.0.0.1",OpsManager,,CommonSecurityLog,
"be1df915-9930-4b13-a274-11302c40aba5","8/26/2022, 9:48:51.526 AM","F-Secure","Computer Protection Premium and EDR",,"fileScanning.quarantined","File Scanning event",4,,"details_accessFlags=FILE_EXECUTE,FILE_LIST_DIRECTORY,FILE_READ_ATTRIBUTES,FILE_READ_DATA,FILE_READ_EA,FILE_TRAVERSE,READ_CONTROL,SYNCHRONIZE;accountName=some-comp;details_accessorHash=aaaccf081725c91162a1cead2ecb0402af40c145;details_filePath=C:\\Users\\tikhdm\\Downloads\\ad2-test-nv0-mv80-0-with-overlay.exe;details_hostIpAddress=192.168.220.128/24;details_profileName=tikhdm-open;details_name=TR/AD.TestFile.Y;details_userName=TIKHDM-TESTVM\\tikhdm;details_sha1=48cd7f69188d03f3fb375cde8f6e0de330071fa7;details_modified=1637844306;details_size=30216;details_created=1637844306;details_alertType=file;details_fileScanningType=fileInfection;details_clientTimestamp=1661507240000;details_url=http://unrated.fstestdomain.com:80/test_samples/capricorn/ad2-test-nv0-mv80-0-with-overlay.exx;details_quarantineId=945389557;details_accessOperation=open-read;details_accessorPath=C:\\Windows\\explorer.exe;details_scanOnClose=false;details_alertSource=sp.evt.oas.alert;details_profileVersion=1637591578;details_profileId=40402373",quarantined,,,,,,,,,,,,,,,,,,,,,,,,,,,,,,,,,,,,,,,,,,,,"""TR/AD.TestFile.Y"" was detected on accessing ""ad2-test-nv0-mv80-0-with-overlay.exe"" and it was quarantined",,,,,,,,,,,,,,,,,,xhFKRWFRmqT3DWU,,,,,,,,,,,,,,"TIKHDM-TESTVM\\tikhdm",,,,,,,,,,,,,,,,,,,,,,,,"C:\\Users\\tikhdm\\Downloads\\ad2-test-nv0-mv80-0-with-overlay.exe","Infected object","TR/AD.TestFile.Y",Malware,,,,,,,,,,,,,,,,,,,,,,,,,,,,,,,,,,"127.0.0.1",OpsManager,quarantined,CommonSecurityLog,
"be1df915-9930-4b13-a274-11302c40aba5","8/26/2022, 9:48:51.526 AM","F-Secure","Computer Protection Premium and EDR",,"tamperProtection.blocked","Tamper Protection event",4,,"details_initiator=initiator_path;details_requestType=terminate_process;accountName=some-comp;details_actionType=process;details_alertType=tamper_protection.process.block;details_clientTimestamp=1661507240000;details_ipAddress=192.168.12.33/8;details_path=C:\\Program Files (x86)\\F-Secure\\PSB\\fshoster32.exe",,,,,,,,,,,,,,,,,,,,,,,,,,,,,,,,,,,,,,,,,,,,,"Tamper protection protected ""fshoster32.exe"" from ""initiator_path""",,,,,,,,,,,,,,,,,,xhFKRWFRmqT3DWU,,,,,,,,,,,,,,,,,,,,,,,,,,,,,,,,,,,,,,,,,,,,,,,,,,,,,,,,,,,,,,,,,,,,,,,,,,,"127.0.0.1",OpsManager,,CommonSecurityLog,
"be1df915-9930-4b13-a274-11302c40aba5","8/26/2022, 9:48:51.527 AM","F-Secure","Computer Protection Premium and EDR",,"webTrafficScanning.blocked","Web Traffic Scanning event",4,,"details_computerName=DESKTOP-UCETTHQ;accountName=some-comp;details_clientTimestamp=1661507240000;details_filePath=\\\\?\\C:\\windows\\systemapps\\microsoft.microsoftedge_8wekyb3d8bbwe\\microsoftedgecp.exe;details_profileName=ext-radzma2-company-2-profile;details_userName=DESKTOP-UCETTHQ\\gtn-user;details_websiteUrl=hxxp://www.gtn/test_samples/ransomware/r3testsample.exe;details_profileVersion=1590476237;details_profileId=20453148",blocked,,,,,,,,,,,,,,,,,,,,,,,,,,,,,,,,,,,,,,,,,,,,"The malicious web page ""hxxp://www.gtn/test_samples/ransomware/r3testsample.exe"" accessed by ""microsoftedgecp.exe"" was blocked",,,,,,,,,,,,,,,,,,xhFKRWFRmqT3DWU,,,,,,,,,,,,,,"DESKTOP-UCETTHQ\\gtn-user",,,,,,,,,,,,,,,,,,,,,,,,"hxxp://www.gtn/test_samples/ransomware/r3testsample.exe","Infected object","microsoftedgecp.exe",Malware,,,,,,,,,,,,,,,,,,,,,,,,,,,,,,,,,,"127.0.0.1",OpsManager,blocked,CommonSecurityLog,
"be1df915-9930-4b13-a274-11302c40aba5","8/26/2022, 9:48:51.527 AM","F-Secure","Computer Protection Premium and EDR",,"browsingProtection.blocked","Browsing Protection event",4,,"accountName=some-comp;details_alertType=online_safety.denied_page.block;details_clientTimestamp=1661507240000;details_hostIpAddress=10.133.2.189/22;details_profileName=kimean-tests;details_reason=WF_Denied;details_userName=DESKTOP-OSI09NE\\gtn-user;details_process=chrome.exe;details_profileVersion=1593756003;details_profileId=18191988",,,,,,,,,,,,,,,,,,,,,,,,,,,,,,,,,,,,,,,,,,,,,"Webpage was blocked due to domain name being blocked",,,,,,,,,,,,,,,,,,xhFKRWFRmqT3DWU,,,,,,,,,,,,,,"DESKTOP-OSI09NE\\gtn-user",,,,,,,,,,,,,,,,,,,,,,,,,,,,,,,,,,,,,,,,,,,,,,,,,,,,,,,,,,,,,"127.0.0.1",OpsManager,,CommonSecurityLog,
"be1df915-9930-4b13-a274-11302c40aba5","8/26/2022, 9:48:51.527 AM","F-Secure","Computer Protection Premium and EDR",,"dataGuard.blocked","DataGuard event",4,,"accountName=some-comp;details_alertType=access_control.file.block;details_clientTimestamp=1661507240000;details_filePath=C:\\Windows\\System32\\notepad.exe;details_hostIpAddress=192.168.220.128/24;details_profileName=tikhdm-tamper;details_vaultId=2;details_userName=DESKTOP-V94MVCO\\tikhdm;details_targetData=C:\\Vault1\\test.txt;details_profileVersion=1636467049;details_profileId=19325830",,,,,,,,,,,,,,,,,,,,,,,,,,,,,,,,,,,,,,,,,,,,,"DataGuard blocked access to ""test.txt""",,,,,,,,,,,,,,,,,,xhFKRWFRmqT3DWU,,,,,,,,,,,,,,"DESKTOP-V94MVCO\\tikhdm",,,,,,,,,,,,,,,,,,,,,,,,,,,,,,,,,,,,,,,,,,,,,,,,,,,,,,,,,,,,,"127.0.0.1",OpsManager,,CommonSecurityLog,
"be1df915-9930-4b13-a274-11302c40aba5","8/26/2022, 9:48:51.527 AM","F-Secure","Computer Protection Premium and EDR",,"deviceControl.blocked","Device Control event",4,,"accountName=some-comp;details_userName=WIN-0EIO0V71FA8\\Administrator;details_alertType=device_control.device.blocked;details_appliedRule=USB Mass Storage Devices;details_deviceId=PCI\\VEN_8086&DEV_7020&SUBSYS_11001AF4&REV_01\\3&13C0B0C5&0&0A;details_clientTimestamp=1661507240000;details_deviceName=Intel(R) 82371SB PCI to USB Universal Host Controller",,,,,,,,,,,,,,,,,,,,,,,,,,,,,,,,,,,,,,,,,,,,,"The device ""Intel(R) 82371SB PCI to USB Universal Host Controller"" was blocked based on the following rule: ""USB Mass Storage Devices""",,,,,,,,,,,,,,,,,,xhFKRWFRmqT3DWU,,,,,,,,,,,,,,"WIN-0EIO0V71FA8\\Administrator",,,,,,,,,,,,,,,,,,,,,,,,,,,,,,,,,,,,,,,,,,,,,,,,,,,,,,,,,,,,,"127.0.0.1",OpsManager,,CommonSecurityLog,
"be1df915-9930-4b13-a274-11302c40aba5","8/26/2022, 9:48:51.527 AM","F-Secure","Computer Protection Premium and EDR",,"dataGuard.blocked","DataGuard event",4,,"accountName=some-comp;details_clientTimestamp=1661507240000;details_filePath=C:\\tmp\\ckdmckewcme.exe;details_hostIpAddress=192.168.220.128/24;details_profileName=tikhdm-tamper;details_name=Trojan:W32/CryptoRansomwareBehavior.B!DeepGuard;details_userName=DESKTOP-V94MVCO\\tikhdm;details_targetData=C:\\Users\\tikhdm\\Documents\\HELP.doc;details_profileVersion=1620202654;details_profileId=19325830",,,,,,,,,,,,,,,,,,,,,,,,,,,,,,,,,,,,,,,,,,,,,"DataGuard blocked access to ""HELP.doc""",,,,,,,,,,,,,,,,,,xhFKRWFRmqT3DWU,,,,,,,,,,,,,,"DESKTOP-V94MVCO\\tikhdm",,,,,,,,,,,,,,,,,,,,,,,,,,,,,,,,,,,,,,,,,,,,,,,,,,,,,,,,,,,,,"127.0.0.1",OpsManager,,CommonSecurityLog,
"be1df915-9930-4b13-a274-11302c40aba5","8/26/2022, 9:48:51.527 AM","F-Secure","Computer Protection Premium and EDR",,"fileScanning.blocked","File Scanning event",4,,"details_reputation=150;accountName=some-comp;details_creatorSha1=dc3e119de3c46c5913cbdc504827797bd633c610;details_filePath=C:\\Users\\gtn-user\\AppData\\Local\\Packages\\Microsoft.MicrosoftEdge_8wekyb3d8bbwe\\AC\\#!001\\MicrosoftEdge\\Cache\\NHQ7CUNU\\f6[1].exe;details_profileName=macima02-04-profile;details_name=Riskware:W32/F-Secure_testfile.A;details_userName=DESKTOP-AVOQJPR\\gtn-user;details_prevalence=40;details_sha1=f87a26964539f9c2ef261220dabde06aee7cb9d1;details_subItem=C:\\tmp\\samples.7z\\[1] samples.7z\\[1] f11.exe;details_alertType=file;details_creator=C:\\Program Files\\Far Manager\\Far.exe;details_fileScanningType=fileInfection;details_clientTimestamp=1661507240000;details_alertSource=sp.evt.oas.alert;details_profileVersion=1574406427;details_profileId=1595692",blocked,,,,,,,,,,,,,,,,,,,,,,,,,,,,,,,,,,,,,,,,,,,,"""Riskware:W32/F-Secure_testfile.A"" was detected on accessing ""f6[1].exe"" and it was blocked",,,,,,,,,,,,,,,,,,xhFKRWFRmqT3DWU,,,,,,,,,,,,,,"DESKTOP-AVOQJPR\\gtn-user",,,,,,,,,,,,,,,,,,,,,,,,"C:\\Users\\gtn-user\\AppData\\Local\\Packages\\Microsoft.MicrosoftEdge_8wekyb3d8bbwe\\AC\\#!001\\MicrosoftEdge\\Cache\\NHQ7CUNU\\f6[1].exe","Infected object","Riskware:W32/F-Secure_testfile.A",Malware,,,,,,,,,,,,,,,,,,,,,,,,,,,,,,,,,,"127.0.0.1",OpsManager,blocked,CommonSecurityLog,
"be1df915-9930-4b13-a274-11302c40aba5","8/26/2022, 9:48:51.527 AM","F-Secure","Computer Protection Premium and EDR",,"fileScanning.none","File Scanning event",10,,"accountName=some-comp;details_alertType=on_access_scanner.system_infection.nothing;details_recommendedAction=block;details_systemWide=true;details_fileScanningType=systemInfection;details_clientTimestamp=1661507240000;details_object=eicar.com;details_readOnly=false;details_rebootRequiredToDelete=false;details_availableActions=block,delete,disinfect,nothing,rename;details_sha1=aa8c41330509455ee5679d04ed41535d280d9a01;details_infectionName=EICAR_Test_File",none,,,,,,,,,,,,,,,,,,,,,,,,,,,,,,,,,,,,,,,,,,,,"""EICAR_Test_File"" was detected on accessing ""eicar.com"" and no action was taken",,,,,,,,,,,,,,,,,,xhFKRWFRmqT3DWU,,,,,,,,,,,,,,,,,,,,,,,,,,,,,,,,,,,,,,"eicar.com","Infected object","EICAR_Test_File",Malware,,,,,,,,,,,,,,,,,,,,,,,,,,,,,,,,,,"127.0.0.1",OpsManager,none,CommonSecurityLog,
"be1df915-9930-4b13-a274-11302c40aba5","8/26/2022, 9:48:51.527 AM","F-Secure","Computer Protection Premium and EDR",,"fileScanning.none","File Scanning event",10,,"details_reputation=150;accountName=some-comp;details_creatorSha1=dc3e119de3c46c5913cbdc504827797bd633c610;details_readOnly=true;details_infectionType=riskware;details_rebootRequiredToDelete=true;details_prevalence=40;details_sha1=aa8c41330509455ee5679d04ed41535d280d9a01;details_infectionName=Risk_Test_File;details_subItem=C:\\tmp\\samples.7z\\[1] samples.7z\\[1] f11.exe;details_alertType=on_access_scanner.file_infection.nothing;details_creator=C:\\Program Files\\Far Manager\\Far.exe;details_recommendedAction=block;details_fileScanningType=fileInfection;details_clientTimestamp=1661507240000;details_quarantineId=1984;details_availableActions=block,disinfect,delete,rename,quarantine;details_path=C:\\Users\\Administrator\\AppDataLocal\\Temp\\Temp1_3-eicars-with-com-ending.zip\\eicar1.com",none,,,,,,,,,,,,,,,,,,,,,,,,,,,,,,,,,,,,,,,,,,,,"""riskware"" was detected on accessing ""eicar1.com"" and no action was taken",,,,,,,,,,,,,,,,,,xhFKRWFRmqT3DWU,,,,,,,,,,,,,,,,,,,,,,,,,,,,,,,,,,,,,,"C:\\Users\\Administrator\\AppDataLocal\\Temp\\Temp1_3-eicars-with-com-ending.zip\\eicar1.com","Infected object","Risk_Test_File",Malware,,,,,,,,,,,,,,,,,,,,,,,,,,,,,,,,,,"127.0.0.1",OpsManager,none,CommonSecurityLog,
"be1df915-9930-4b13-a274-11302c40aba5","8/26/2022, 9:48:51.527 AM","F-Secure","Computer Protection Premium and EDR",,"applicationControl.reported","Application Control event",1,,"details_parentPath=C:\\Windows\\System32\\notepad.exe;accountName=some-comp;details_alertType=application_control.file_access.report;details_ruleId=6b324d95-80e5-4929-8970-4f75740adbb8;details_clientTimestamp=1661507240000;details_ruleEvent=file_access;details_hostIpAddress=10.133.2.189/22;details_ruleName=file access test;details_profileName=kimean-tests;details_targetSha1=0a0a9f2a6772942557ab5355d76af442f8f65e01;details_userName=LAZARUS\\gtn-user;details_targetPath=C:\\Users\\gtn-user\\protected_document.txt;details_profileVersion=1598526877;details_profileId=18191988",,,,,,,,,,,,,,,,,,,,,,,,,,,,,,,,,,,,,,,,,,,,,"Application Control reported file_access of ""C:\\Users\\gtn-user\\protected_document.txt"" based on rule ""file access test""",,,,,,,,,,,,,,,,,,xhFKRWFRmqT3DWU,,,,,,,,,,,,,,"LAZARUS\\gtn-user",,,,,,,,,,,,,,,,,,,,,,,,,,,,,,,,,,,,,,,,,,,,,,,,,,,,,,,,,,,,,"127.0.0.1",OpsManager,,CommonSecurityLog,
"be1df915-9930-4b13-a274-11302c40aba5","8/26/2022, 9:48:51.527 AM","F-Secure","Computer Protection Premium and EDR",,"webContentControl.blocked","Web Content Control event",4,,"accountName=some-comp;details_alertType=online_safety.category_page.block;details_clientTimestamp=1661507240000;details_url=social_networking.com;details_hostIpAddress=10.133.2.189/22;details_profileName=kimean-tests;details_reason=WF_Category;details_userName=DESKTOP-OSI09NE\\gtn-user;details_categories=social_networking;details_process=chrome.exe;details_profileVersion=1594027281;details_profileId=18191988",,,,,,,,,,,,,,,,,,,,,,,,,,,,,,,,,,,,,,,,,,,,,"Web content control blocked webpage due to category ""social_networking"" being disallowed",,,,,,,,,,,,,,,,,,xhFKRWFRmqT3DWU,,,,,,,,,,,,,,"DESKTOP-OSI09NE\\gtn-user",,,,,,,,,,,,,,,,,,,,,,,,,,,,,,,,,,,,,,,,,,,,,,,,,,,,,,,,,,,,,"127.0.0.1",OpsManager,,CommonSecurityLog,
"be1df915-9930-4b13-a274-11302c40aba5","8/26/2022, 9:48:51.527 AM","F-Secure","Computer Protection Premium and EDR",,"browsingProtection.blocked","Browsing Protection event",4,,"details_reason=BP_Harmful;accountName=some-comp;details_alertType=online_safety.page.block;details_categories=alcoholAndTobacco,gambling;details_clientTimestamp=1661507240000",,,,,,,,,,,,,,,,,,,,,,,,,,,,,,,,,,,,,,,,,,,,,"Action: ""Blocked""  Subject: """"",,,,,,,,,,,,,,,,,,xhFKRWFRmqT3DWU,,,,,,,,,,,,,,,,,,,,,,,,,,,,,,,,,,,,,,,,,,,,,,,,,,,,,,,,,,,,,,,,,,,,,,,,,,,"127.0.0.1",OpsManager,,CommonSecurityLog,
"be1df915-9930-4b13-a274-11302c40aba5","8/26/2022, 9:48:51.528 AM","F-Secure","Computer Protection Premium and EDR",,"fileScanning.disinfected","File Scanning event",4,,"accountName=some-comp;details_alertType=file;details_fileScanningType=fileInfection;details_clientTimestamp=1661507240000;details_filePath=http://niheh.net/noh;details_quarantineId=null;details_name=ta-Infection:W32/F-Secure_rolajozu.A;details_userName=ta-uwosevgi",disinfected,,,,,,,,,,,,,,,,,,,,,,,,,,,,,,,,,,,,,,,,,,,,"""ta-Infection:W32/F-Secure_rolajozu.A"" was detected on accessing ""noh"" and it was disinfected",,,,,,,,,,,,,,,,,,xhFKRWFRmqT3DWU,,,,,,,,,,,,,,"ta-uwosevgi",,,,,,,,,,,,,,,,,,,,,,,,"http://niheh.net/noh","Infected object","ta-Infection:W32/F-Secure_rolajozu.A",Malware,,,,,,,,,,,,,,,,,,,,,,,,,,,,,,,,,,"127.0.0.1",OpsManager,disinfected,CommonSecurityLog,
"be1df915-9930-4b13-a274-11302c40aba5","8/26/2022, 9:48:51.528 AM","F-Secure","Computer Protection Premium and EDR",,"tamperProtection.blocked","Tamper Protection event",4,,"details_initiator=initiator_path;accountName=some-comp;details_actionType=service;details_alertType=tamper_protection.service.block;details_service=fshoster;details_clientTimestamp=1661507240000;details_command=net stop fshoster;details_initiator_signer_name=Microsoft Windows;details_initiator_certificate_hash=c6857c85920cd149a3d709a5a5a33161782e2cca73d2eefcc29dce2a6eeff8df;details_initiator_hash=da0edfbdbffaaaca65326ee337bed0ddc8443aa7;details_ipAddress=192.168.12.33/8",,,,,,,,,,,,,,,,,,,,,,,,,,,,,,,,,,,,,,,,,,,,,"Service ""fshoster"" was blocked from stop",,,,,,,,,,,,,,,,,,xhFKRWFRmqT3DWU,,,,,,,,,,,,,,,,,,,,,,,,,,,,,,,,,,,,,,,,,,,,,,,,,,,,,,,,,,,,,,,,,,,,,,,,,,,"127.0.0.1",OpsManager,,CommonSecurityLog,
"be1df915-9930-4b13-a274-11302c40aba5","8/26/2022, 9:48:51.528 AM","F-Secure","Computer Protection Premium and EDR",,"fileScanning.none","File Scanning event",10,,"accountName=some-comp;details_alertType=on_access_scanner.spyware.nothing;details_recommendedAction=block;details_fileScanningType=spyware;details_clientTimestamp=1661507240000;details_readOnly=false;details_infectionType=spyware;details_quarantineId=1984;details_rebootRequiredToDelete=false;details_availableActions=block,disinfect,delete,rename,quarantine;details_sha1=aa8c41330509455ee5679d04ed41535d280d9a07;details_infectionName=EICAR_Test_File;details_path=C:\\Temp\\Temp1_3-eicars-with-com-ending.zip\\eicar1.com",none,,,,,,,,,,,,,,,,,,,,,,,,,,,,,,,,,,,,,,,,,,,,"""spyware"" was detected on accessing ""eicar1.com"" and no action was taken",,,,,,,,,,,,,,,,,,xhFKRWFRmqT3DWU,,,,,,,,,,,,,,,,,,,,,,,,,,,,,,,,,,,,,,"C:\\Temp\\Temp1_3-eicars-with-com-ending.zip\\eicar1.com","Infected object","EICAR_Test_File",Malware,,,,,,,,,,,,,,,,,,,,,,,,,,,,,,,,,,"127.0.0.1",OpsManager,none,CommonSecurityLog,
"be1df915-9930-4b13-a274-11302c40aba5","8/26/2022, 9:48:51.528 AM","F-Secure","Computer Protection Premium and EDR",,"amsi.blocked","Antimalware Scan Interface (AMSI) event",4,,"accountName=some-comp;details_alertType=amsi.infection.block;details_clientTimestamp=1661507240000;details_appName=JScript;details_hostIpAddress=fe80::e09a:970a:a01c:ca1a/64;details_profileName=tikhdm-tamper;details_userName=DESKTOP-V94MVCO\\tikhdm;details_contentName=C:\\Users\\tikhdm\\AppData\\Local\\Temp\\infected.js;details_profileVersion=1604055983;details_profileId=19325830;details_sha1=1aef59dac1e2328b402d6fee5b5f76439ce98f43;details_infectionName=Testfile:JS/F-Secure_testfile.D;details_path=C:\\WINDOWS\\system32\\cscript.exe",blocked,,,,,,,,,,,,,,,,,,,,,,,,,,,,,,,,,,,,,,,,,,,,"AMSI detected harmful content in ""cscript.exe""",,,,,,,,,,,,,,,,,,xhFKRWFRmqT3DWU,,,,,,,,,,,,,,"DESKTOP-V94MVCO\\tikhdm",,,,,,,,,,,,,,,,,,,,,,,,"C:\\WINDOWS\\system32\\cscript.exe","Infected object","Testfile:JS/F-Secure_testfile.D",Malware,,,,,,,,,,,,,,,,,,,,,,,,,,,,,,,,,,"127.0.0.1",OpsManager,blocked,CommonSecurityLog,
"be1df915-9930-4b13-a274-11302c40aba5","8/26/2022, 9:48:51.528 AM","F-Secure","Computer Protection Premium and EDR",,"applicationControl.reported","Application Control event",1,,"details_targetProductName=some product name;details_parentPath=c:\\windows\\explorer.exe;accountName=some-comp;details_alertType=application_control.application_start.report;details_ruleId=123;details_targetVersionCompanyName=some name;details_clientTimestamp=1661507240000;details_targetProductVersion=-1.-1.-1.-1;details_ruleEvent=application_start;details_targetCommandLine='C:\\Unreal Commander\\Uncom.exe';details_targetSha1=e13fce15c513387daadfc1138aa63d4778bd17c6;details_targetFileVersion=-1.-1.-1.-1;details_targetFileDescription=some file description;details_targetPath=c:\\unreal commander\\uncom.exe;details_targetSignatureSignerName=Anton Diesel;details_profileVersion=1519389515;details_profileId=3862693;details_targetCopyrightText=some copyright",,,,,,,,,,,,,,,,,,,,,,,,,,,,,,,,,,,,,,,,,,,,,"Application Control reported application_start of ""some product name"" based on rule """"",,,,,,,,,,,,,,,,,,xhFKRWFRmqT3DWU,,,,,,,,,,,,,,,,,,,,,,,,,,,,,,,,,,,,,,,,,,,,,,,,,,,,,,,,,,,,,,,,,,,,,,,,,,,"127.0.0.1",OpsManager,,CommonSecurityLog,
"be1df915-9930-4b13-a274-11302c40aba5","8/26/2022, 9:48:51.528 AM","F-Secure","Computer Protection Premium and EDR",,"connectionControl.blocked","Network connection event",1,,"accountName=some-comp;details_userName=DESKTOP-V94MVCO\\tikhdm;details_alertType=connection_control.remote_access.block;details_clientTimestamp=1661507240000;details_process=teamviewer.exe;details_profileVersion=1498867200;details_profileId=901567;details_hostIpAddress=192.168.220.128/24",,,,,,,,,,,,,,,,,,,,,,,,,,,,,,,,,,,,,,,,,,,,,"Network connection is blocked by Connection control. Blocked process: ""teamviewer.exe""",,,,,,,,,,,,,,,,,,xhFKRWFRmqT3DWU,,,,,,,,,,,,,,"DESKTOP-V94MVCO\\tikhdm",,,,,,,,,,,,,,,,,,,,,,,,,,,,,,,,,,,,,,,,,,,,,,,,,,,,,,,,,,,,,"127.0.0.1",OpsManager,,CommonSecurityLog,
"be1df915-9930-4b13-a274-11302c40aba5","8/26/2022, 9:48:51.528 AM","F-Secure","Computer Protection Premium and EDR",,"firewall.blocked","Firewall event",1,,"details_ruleGroupName=F-Secure Firewall;accountName=some-comp;details_alertType=firewall.fs_rule_triggered.block;details_ipProtocol=IPv4;details_remoteAddress=15.170.0.0;details_clientTimestamp=1661507240000;details_localAddress=15.170.18.153;details_hostIpAddress=192.168.79.128/24;details_layerName=FS test layer name;details_ruleName=FS test rule name;details_profileName=F-Secure open;details_remotePort=321;details_userName=DF\\username;details_process=C:\\Program Files (x86)\\Google\\Chrome\\Application\\Chrome.exe;details_profileVersion=1559029891;details_profileId=12765;details_localPort=123;details_ruleDirection=inbound",,,,,,,,,,,,,,,,,,,,,,,,,,,,,,,,,,,,,,,,,,,,,"Connection from ""15.170.0.0"" was blocked",,,,,,,,,,,,,,,,,,xhFKRWFRmqT3DWU,,,,,,,,,,,,,,"DF\\username",,,,,,,,,,,,,,,,,,,,,,,,,,,,,,,,,,,,,,,,,,,,,,,,,,,,,,,,,,,,,"127.0.0.1",OpsManager,,CommonSecurityLog,
"be1df915-9930-4b13-a274-11302c40aba5","8/26/2022, 9:48:51.528 AM","F-Secure","Computer Protection Premium and EDR",,"reputationBasedBrowsing.blocked","Browsing Protection event",4,,"accountName=some-comp;details_alertType=online_safety.harmful_page.block;details_clientTimestamp=1661507240000;details_url=hxxps://malicious.fstestdomain.com;details_hostIpAddress=10.133.3.197/22;details_profileName=ext-radzma2-company-2-profile;details_reason=BP_Harmful;details_userName=DESKTOP-UCETTHQ\\gtn-user;details_process=microsoftedgecp.exe;details_profileVersion=1591102700;details_profileId=20453148",,,,,,,,,,,,,,,,,,,,,,,,,,,,,,,,,,,,,,,,,,,,,"Webpage ""hxxps://malicious.fstestdomain.com"" was blocked due to reputation rated harmful",,,,,,,,,,,,,,,,,,xhFKRWFRmqT3DWU,,,,,,,,,,,,,,"DESKTOP-UCETTHQ\\gtn-user",,,,,,,,,,,,,,,,,,,,,,,,,,,,,,,,,,,,,,,,,,,,,,,,,,,,,,,,,,,,,"127.0.0.1",OpsManager,,CommonSecurityLog,
"be1df915-9930-4b13-a274-11302c40aba5","8/26/2022, 9:48:51.528 AM","F-Secure","Computer Protection Premium and EDR",,"manualScanning.quarantined","Manual Scanning event",4,,"accountName=some-comp;details_alertType=riskware;details_fileScanningType=riskware;details_clientTimestamp=1661507241000;details_filePath=C:\\tmp\\samples\\f6.exe;details_hostIpAddress=192.168.79.132/24;details_profileName=tikhdm-tamper_no_dc;details_quarantineId=-619094204;details_name=Riskware:W32/F-Secure_testfile.A;details_userName=DESKTOP-V94MVCO\\tikhdm;details_alertSource=sp.evt.fixinf.alert;details_profileVersion=1615563545;details_profileId=29250511",quarantined,,,,,,,,,,,,,,,,,,,,,,,,,,,,,,,,,,,,,,,,,,,,"""Riskware:W32/F-Secure_testfile.A"" was detected on accessing ""f6.exe"" and it was quarantined",,,,,,,,,,,,,,,,,,xhFKRWFRmqT3DWU,,,,,,,,,,,,,,"DESKTOP-V94MVCO\\tikhdm",,,,,,,,,,,,,,,,,,,,,,,,"C:\\tmp\\samples\\f6.exe","Infected object","Riskware:W32/F-Secure_testfile.A",Malware,,,,,,,,,,,,,,,,,,,,,,,,,,,,,,,,,,"127.0.0.1",OpsManager,quarantined,CommonSecurityLog,
"be1df915-9930-4b13-a274-11302c40aba5","8/26/2022, 9:48:51.529 AM","F-Secure","Computer Protection Premium and EDR",,"connectionControl.blocked","Network connection event",1,,"accountName=some-comp;details_alertType=connection_control.page.block;details_clientTimestamp=1661507240000;details_url=www.banking.com;details_hostIpAddress=10.133.3.197/22;details_profileName=ext-radzma2-company-2-profile;details_userName=DESKTOP-UCETTHQ\\gtn-user;details_process=msedge.exe;details_profileVersion=1591102700;details_profileId=20453148;details_path=\\device\\harddiskvolume1\\program files (x86)\\microsoft\\edge\\application\\msedge.exe",,,,,,,,,,,,,,,,,,,,,,,,,,,,,,,,,,,,,,,,,,,,,"Network connection is blocked by Connection control. Blocked process: ""msedge.exe""",,,,,,,,,,,,,,,,,,xhFKRWFRmqT3DWU,,,,,,,,,,,,,,"DESKTOP-UCETTHQ\\gtn-user",,,,,,,,,,,,,,,,,,,,,,,,,,,,,,,,,,,,,,,,,,,,,,,,,,,,,,,,,,,,,"127.0.0.1",OpsManager,,CommonSecurityLog,
"be1df915-9930-4b13-a274-11302c40aba5","8/26/2022, 9:48:51.529 AM","F-Secure","Computer Protection Premium and EDR",,"manualScanning.quarantined","Manual Scanning event",4,,"accountName=some-comp;details_alertType=file;details_fileScanningType=fileInfection;details_clientTimestamp=1661507241000;details_filePath=C:\\Temp-Scan\\eicar.com, C:\\Windows\\SysWOW64\\eicar.com, C:\\Windows\\eicar.com, c:\\eicar.com;details_profileName=TA_TEST_2;details_quarantineId=-125014214;details_name=EICAR_Test_File;details_userName=GTN-WIN7\\tadmin;details_alertSource=sp.evt.ods.alert;details_profileVersion=1554102659;details_profileId=910739",quarantined,,,,,,,,,,,,,,,,,,,,,,,,,,,,,,,,,,,,,,,,,,,,"""EICAR_Test_File"" was detected on accessing ""eicar.com"" and it was quarantined",,,,,,,,,,,,,,,,,,xhFKRWFRmqT3DWU,,,,,,,,,,,,,,"GTN-WIN7\\tadmin",,,,,,,,,,,,,,,,,,,,,,,,"C:\\Temp-Scan\\eicar.com, C:\\Windows\\SysWOW64\\eicar.com, C:\\Windows\\eicar.com, c:\\eicar.com","Infected object","EICAR_Test_File",Malware,,,,,,,,,,,,,,,,,,,,,,,,,,,,,,,,,,"127.0.0.1",OpsManager,quarantined,CommonSecurityLog,
"be1df915-9930-4b13-a274-11302c40aba5","8/26/2022, 9:48:51.529 AM","F-Secure","Computer Protection Premium and EDR",,"unknown.blocked","Unrecognized event",4,,"details_parentPath=/bin/bash;accountName=some-comp;details_processTeamId=A9W4RHWN8P;details_alertType=xfence.blocked;details_clientTimestamp=1661507241000;details_operation=write;details_processPath=/Users/test/Desktop/xfencetest;details_targetPath=/Users/test/Desktop/.dat.nosync0b46.NUgzBZ;details_profileVersion=1518606300;details_profileId=3756096;details_processHash=1ee4abe7466df9e1ebdda00785490b89263be8c9a68f202fe2bba2aada973aa2",,,,,,,,,,,,,,,,,,,,,,,,,,,,,,,,,,,,,,,,,,,,,"Descriptive message is not yet supported for this event type",,,,,,,,,,,,,,,,,,xhFKRWFRmqT3DWU,,,,,,,,,,,,,,,,,,,,,,,,,,,,,,,,,,,,,,,,,,,,,,,,,,,,,,,,,,,,,,,,,,,,,,,,,,,"127.0.0.1",OpsManager,,CommonSecurityLog,
"be1df915-9930-4b13-a274-11302c40aba5","8/26/2022, 9:48:51.529 AM","F-Secure","Computer Protection Premium and EDR",,"deepGuard.blocked","DeepGuard event",4,,"details_size=81920;details_reputation=unknown;accountName=some-comp;details_alertType=file;details_clientTimestamp=1661507241000;details_filePath=C:\\Tr-DGr.exe;details_hostIpAddress=10.61.40.107/22;details_rarity=common;details_profileName=TA_TEST_2;details_name=DeepGuard blocks a rare application;details_userName=DESKTOP-U2OPVOC\\tadmin;details_commandLine=C:\\Tr-DGr.exe --test;details_profileVersion=1628068587;details_profileId=910739;details_sha1=e17865289c80d63673b09124b5a50f2915599478",,,,,,,,,,,,,,,,,,,,,,,,,,,,,,,,,,,,,,,,,,,,,"Rare application was detected in file ""Tr-DGr.exe"" and it was blocked",,,,,,,,,,,,,,,,,,xhFKRWFRmqT3DWU,,,,,,,,,,,,,,"DESKTOP-U2OPVOC\\tadmin",,,,,,,,,,,,,,,,,,,,,,,,,,,,,,,,,,,,,,,,,,,,,,,,,,,,,,,,,,,,,"127.0.0.1",OpsManager,,CommonSecurityLog,
"be1df915-9930-4b13-a274-11302c40aba5","8/26/2022, 9:48:51.529 AM","F-Secure","Computer Protection Premium and EDR",,"reputationBasedBrowsing.blocked","Browsing Protection event",4,,"accountName=some-comp;details_alertType=online_safety.illegal_page.block;details_clientTimestamp=1661507241000;details_url=hxxps://illegal.fstestdomain.com;details_hostIpAddress=10.133.3.197/22;details_profileName=ext-radzma2-company-2-profile;details_reason=BP_Illegal;details_userName=DESKTOP-UCETTHQ\\gtn-user;details_process=microsoftedgecp.exe;details_profileVersion=1591102700;details_profileId=20453148",,,,,,,,,,,,,,,,,,,,,,,,,,,,,,,,,,,,,,,,,,,,,"Webpage ""hxxps://illegal.fstestdomain.com"" was blocked due to reputation rated prohibited",,,,,,,,,,,,,,,,,,xhFKRWFRmqT3DWU,,,,,,,,,,,,,,"DESKTOP-UCETTHQ\\gtn-user",,,,,,,,,,,,,,,,,,,,,,,,,,,,,,,,,,,,,,,,,,,,,,,,,,,,,,,,,,,,,"127.0.0.1",OpsManager,,CommonSecurityLog,
"be1df915-9930-4b13-a274-11302c40aba5","8/26/2022, 9:48:51.529 AM","F-Secure","Computer Protection Premium and EDR",,"fileScanning.disinfected","File Scanning event",4,,"details_containerSize=65533;details_reputation=150;accountName=some-comp;details_creatorSha1=dc3e119de3c46c5913cbdc504827797bd633c610;details_accessorHash=aaaccf081725c91162a1cead2ecb0402af40c145;details_containerSha1=fffff19de3c46c5913cbdc504827797bd633c610;details_filePath=C:\\tmp\\samples.7z\\[1] samples.7z\\[1] f11.exe;details_container=C:\\tmp\\samples.7z;details_name=ta-Infection:W32/F-Secure_rolajozu.A;details_userName=ta-uwosevgi;details_prevalence=40;details_modified=1637844306;details_subItem=[1] samples.7z\\[1] f11.exe;details_created=1637844306;details_alertType=file;details_creator=C:\\Program Files\\Far Manager\\Far.exe;details_containerMailbox=false;details_fileScanningType=fileInfection;details_clientTimestamp=1661507241000;details_url=http://unrated.fstestdomain.com:80/test_samples/capricorn/ad2-test-nv0-mv80-0-with-overlay.exx;details_quarantineId=-265365135;details_accessOperation=open-read;details_accessorPath=C:\\Windows\\explorer.exe",disinfected,,,,,,,,,,,,,,,,,,,,,,,,,,,,,,,,,,,,,,,,,,,,"""ta-Infection:W32/F-Secure_rolajozu.A"" was detected on accessing ""[1] f11.exe"" and it was disinfected",,,,,,,,,,,,,,,,,,xhFKRWFRmqT3DWU,,,,,,,,,,,,,,"ta-uwosevgi",,,,,,,,,,,,,,,,,,,,,,,,"C:\\tmp\\samples.7z\\[1] samples.7z\\[1] f11.exe","Infected object","ta-Infection:W32/F-Secure_rolajozu.A",Malware,,,,,,,,,,,,,,,,,,,,,,,,,,,,,,,,,,"127.0.0.1",OpsManager,disinfected,CommonSecurityLog,
"be1df915-9930-4b13-a274-11302c40aba5","8/26/2022, 9:48:51.529 AM","F-Secure","Computer Protection Premium and EDR",,"tamperProtection.blocked","Tamper Protection event",4,,"details_initiator=initiator_path;accountName=some-comp;details_actionType=file;details_alertType=tamper_protection.file.block;details_clientTimestamp=1661507241000;details_initiator_signer_name=Microsoft Windows;details_requestType=delete_file;details_initiator_certificate_hash=c6857c85920cd149a3d709a5a5a33161782e2cca73d2eefcc29dce2a6eeff8df;details_initiator_hash=da0edfbdbffaaaca65326ee337bed0ddc8443aa7;details_ipAddress=192.168.12.33/8;details_path=C:\\Program Files (x86)\\F-Secure\\PSB\\fshoster32.exe",,,,,,,,,,,,,,,,,,,,,,,,,,,,,,,,,,,,,,,,,,,,,"""initiator_path"" was blocked from deleting ""fshoster32.exe""",,,,,,,,,,,,,,,,,,xhFKRWFRmqT3DWU,,,,,,,,,,,,,,,,,,,,,,,,,,,,,,,,,,,,,,,,,,,,,,,,,,,,,,,,,,,,,,,,,,,,,,,,,,,"127.0.0.1",OpsManager,,CommonSecurityLog,
"be1df915-9930-4b13-a274-11302c40aba5","8/26/2022, 9:48:51.529 AM","F-Secure","Computer Protection Premium and EDR",,"realtimeScanning.quarantined","Real-time Scanning event",4,,"details_profileName=dejavu-sop-own-profile;details_name=Testfile:W64/Memtest.A!Mem;accountName=some-comp;details_userName=DESKTOP-5N2HPM3\\Administrator;details_alertType=memory;details_alertSource=sp.evt.oas.alert;details_clientTimestamp=1661507241000;details_profileVersion=1586336729;details_profileId=6938825",,,,,,,,,,,,,,,,,,,,,,,,,,,,,,,,,,,,,,,,,,,,,"""Testfile:W64/Memtest.A!Mem"" was detected on accessing """" and it was quarantined",,,,,,,,,,,,,,,,,,xhFKRWFRmqT3DWU,,,,,,,,,,,,,,"DESKTOP-5N2HPM3\\Administrator",,,,,,,,,,,,,,,,,,,,,,,,,,,,,,,,,,,,,,,,,,,,,,,,,,,,,,,,,,,,,"127.0.0.1",OpsManager,,CommonSecurityLog,
"be1df915-9930-4b13-a274-11302c40aba5","8/26/2022, 9:48:51.529 AM","F-Secure","Computer Protection Premium and EDR",,"deviceControl.blocked","Device Control event",4,,"details_initiator=C:\\Program Files\\Far Manager\\Far.exe;accountName=some-comp;details_userName=WIN-0EIO0V71FA8\\Administrator;details_alertType=device_control.execution.blocked;details_deviceId=PCI\\VEN_8086&DEV_7020&SUBSYS_11001AF4&REV_01\\3&13C0B0C5&0&0A;details_clientTimestamp=1661507241000;details_devicePath=\\??\\USBSTOR#Disk&Ven_Generic&Prod_Flash_Disk&Rev_8.07#EBB33680&0#{53f56307-b6bf-11d0-94f2-00a0c91efb8b};details_deviceName=Intel(R) 82371SB PCI to USB Universal Host Controller",,,,,,,,,,,,,,,,,,,,,,,,,,,,,,,,,,,,,,,,,,,,,"An attempt to execute files on the following device was blocked: ""Intel(R) 82371SB PCI to USB Universal Host Controller""",,,,,,,,,,,,,,,,,,xhFKRWFRmqT3DWU,,,,,,,,,,,,,,"WIN-0EIO0V71FA8\\Administrator",,,,,,,,,,,,,,,,,,,,,,,,,,,,,,,,,,,,,,,,,,,,,,,,,,,,,,,,,,,,,"127.0.0.1",OpsManager,,CommonSecurityLog,
"be1df915-9930-4b13-a274-11302c40aba5","8/26/2022, 9:48:51.529 AM","F-Secure","Computer Protection Premium and EDR",,"applicationControl.blocked","Application Control event",4,,"details_parentPath=c:\\windows\\explorer.exe;accountName=some-comp;details_targetProductVersion=-1.-1.-1.-1;details_parentReputation=0;details_targetFileVersion=-1.-1.-1.-1;details_targetPath=c:\\unreal commander\\uncom.exe;details_targetCopyrightText=some copyright;details_targetProductName=some product name;details_alertType=application_control.application_start.block;details_ruleId=123;details_targetVersionCompanyName=some name;details_clientTimestamp=1661507240000;details_parentPrevalence=100;details_ruleEvent=application_start;details_targetCommandLine='C:\\Unreal Commander\\Uncom.exe';details_ruleName=rule name;details_targetPrevalence=0;details_targetSha1=e13fce15c513387daadfc1138aa63d4778bd17c6;details_targetFileDescription=some file description;details_targetReputation=101;details_targetSignatureSignerName=Anton Diesel;details_profileVersion=1519389515;details_profileId=3862693",,,,,,,,,,,,,,,,,,,,,,,,,,,,,,,,,,,,,,,,,,,,,"Application Control blocked application_start of ""some product name"" based on rule ""rule name""",,,,,,,,,,,,,,,,,,xhFKRWFRmqT3DWU,,,,,,,,,,,,,,,,,,,,,,,,,,,,,,,,,,,,,,,,,,,,,,,,,,,,,,,,,,,,,,,,,,,,,,,,,,,"127.0.0.1",OpsManager,,CommonSecurityLog,
"be1df915-9930-4b13-a274-11302c40aba5","8/26/2022, 9:48:51.529 AM","F-Secure","Computer Protection Premium and EDR",,"manualScanning.none","Manual Scanning event",10,,"accountName=some-comp;details_alertType=on_demand_scanner.file_infection.nothing;details_fileScanningType=fileInfection;details_clientTimestamp=1661507240000;details_infectionName=EICAR_Test_File_file-infection;details_path=/root/eicar.com.malware.file",none,,,,,,,,,,,,,,,,,,,,,,,,,,,,,,,,,,,,,,,,,,,,"""EICAR_Test_File_file-infection"" was detected on accessing ""eicar.com.malware.file"" and no action was taken",,,,,,,,,,,,,,,,,,xhFKRWFRmqT3DWU,,,,,,,,,,,,,,,,,,,,,,,,,,,,,,,,,,,,,,"/root/eicar.com.malware.file","Infected object","EICAR_Test_File_file-infection",Malware,,,,,,,,,,,,,,,,,,,,,,,,,,,,,,,,,,"127.0.0.1",OpsManager,none,CommonSecurityLog,
"be1df915-9930-4b13-a274-11302c40aba5","8/26/2022, 9:48:51.530 AM","F-Secure","Computer Protection Premium and EDR",,"deepGuard.blocked","DeepGuard event",4,,"details_reputation=unknown;accountName=some-comp;details_alertType=deep_guard.admin.block;details_clientTimestamp=1661507240000;details_filePath=C:\\Users\\User\\Documents\\Tr-DGr.exe;details_rarity=common;details_userName=alertsDevice\\user;details_sha1=e17865289c80d63673b09124b5a50f2915599478",blocked,,,,,,,,,,,,,,,,,,,,,,,,,,,,,,,,,,,,,,,,,,,,"The application ""Tr-DGr.exe"" was blocked by the administrator",,,,,,,,,,,,,,,,,,xhFKRWFRmqT3DWU,,,,,,,,,,,,,,"alertsDevice\\user",,,,,,,,,,,,,,,,,,,,,,,,"C:\\Users\\User\\Documents\\Tr-DGr.exe","Infected object",,Malware,,,,,,,,,,,,,,,,,,,,,,,,,,,,,,,,,,"127.0.0.1",OpsManager,blocked,CommonSecurityLog,
"be1df915-9930-4b13-a274-11302c40aba5","8/26/2022, 9:48:51.530 AM","F-Secure","Computer Protection Premium and EDR",,"manualScanning.quarantined","Manual Scanning event",4,,"details_subItem=C:\\tmp\\samples.7z\\[1] samples.7z\\[1] f11.exe;accountName=some-comp;details_alertType=file;details_creator=C:\\Program Files\\Far Manager\\Far.exe;details_creatorSha1=dc3e119de3c46c5913cbdc504827797bd633c610;details_fileScanningType=fileInfection;details_clientTimestamp=1661507240000;details_filePath=C:\\Temp-Scan\\eicar.com, C:\\Windows\\SysWOW64\\eicar.com, C:\\Windows\\eicar.com, c:\\eicar.com;details_profileName=TA_TEST_2;details_quarantineId=-125014214;details_name=EICAR_Test_File;details_userName=GTN-WIN7\\tadmin;details_alertSource=sp.evt.fixinf.alert;details_profileVersion=1554102659;details_profileId=910739",quarantined,,,,,,,,,,,,,,,,,,,,,,,,,,,,,,,,,,,,,,,,,,,,"""EICAR_Test_File"" was detected on accessing ""eicar.com"" and it was quarantined",,,,,,,,,,,,,,,,,,xhFKRWFRmqT3DWU,,,,,,,,,,,,,,"GTN-WIN7\\tadmin",,,,,,,,,,,,,,,,,,,,,,,,"C:\\Temp-Scan\\eicar.com, C:\\Windows\\SysWOW64\\eicar.com, C:\\Windows\\eicar.com, c:\\eicar.com","Infected object","EICAR_Test_File",Malware,,,,,,,,,,,,,,,,,,,,,,,,,,,,,,,,,,"127.0.0.1",OpsManager,quarantined,CommonSecurityLog,
